,Years_of_Experience,Job_Title,Year
0,1,1,2016
1,2,1,2016
2,3,1,2016
3,4,1,2016
4,5,1,2016
5,6,1,2016
6,7,1,2016
7,8,1,2016
8,9,1,2016
9,10,1,2016
10,11,1,2016
11,12,1,2016
12,13,1,2016
13,14,1,2016
14,15,1,2016
15,16,1,2016
16,17,1,2016
17,18,1,2016
18,19,1,2016
19,20,1,2016
20,21,1,2016
21,22,1,2016
22,23,1,2016
23,24,1,2016
24,25,1,2016
25,26,1,2016
26,27,1,2016
27,28,1,2016
28,29,1,2016
29,30,1,2016
30,31,1,2016
31,32,1,2016
32,33,1,2016
33,34,1,2016
34,35,1,2016
35,36,1,2016
36,37,1,2016
37,38,1,2016
38,39,1,2016
39,40,1,2016
40,41,1,2016
41,42,1,2016
42,43,1,2016
43,44,1,2016
44,45,1,2016
45,46,1,2016
46,47,1,2016
47,48,1,2016
48,49,1,2016
49,50,1,2016
50,51,1,2016
51,52,1,2016
52,53,1,2016
53,54,1,2016
54,55,1,2016
55,56,1,2016
56,57,1,2016
57,58,1,2016
58,59,1,2016
59,60,1,2016
60,1,2,2016
61,2,2,2016
62,3,2,2016
63,4,2,2016
64,5,2,2016
65,6,2,2016
66,7,2,2016
67,8,2,2016
68,9,2,2016
69,10,2,2016
70,11,2,2016
71,12,2,2016
72,13,2,2016
73,14,2,2016
74,15,2,2016
75,16,2,2016
76,17,2,2016
77,18,2,2016
78,19,2,2016
79,20,2,2016
80,21,2,2016
81,22,2,2016
82,23,2,2016
83,24,2,2016
84,25,2,2016
85,26,2,2016
86,27,2,2016
87,28,2,2016
88,29,2,2016
89,30,2,2016
90,31,2,2016
91,32,2,2016
92,33,2,2016
93,34,2,2016
94,35,2,2016
95,36,2,2016
96,37,2,2016
97,38,2,2016
98,39,2,2016
99,40,2,2016
100,41,2,2016
101,42,2,2016
102,43,2,2016
103,44,2,2016
104,45,2,2016
105,46,2,2016
106,47,2,2016
107,48,2,2016
108,49,2,2016
109,50,2,2016
110,51,2,2016
111,52,2,2016
112,53,2,2016
113,54,2,2016
114,55,2,2016
115,56,2,2016
116,57,2,2016
117,58,2,2016
118,59,2,2016
119,60,2,2016
120,1,3,2016
121,2,3,2016
122,3,3,2016
123,4,3,2016
124,5,3,2016
125,6,3,2016
126,7,3,2016
127,8,3,2016
128,9,3,2016
129,10,3,2016
130,11,3,2016
131,12,3,2016
132,13,3,2016
133,14,3,2016
134,15,3,2016
135,16,3,2016
136,17,3,2016
137,18,3,2016
138,19,3,2016
139,20,3,2016
140,21,3,2016
141,22,3,2016
142,23,3,2016
143,24,3,2016
144,25,3,2016
145,26,3,2016
146,27,3,2016
147,28,3,2016
148,29,3,2016
149,30,3,2016
150,31,3,2016
151,32,3,2016
152,33,3,2016
153,34,3,2016
154,35,3,2016
155,36,3,2016
156,37,3,2016
157,38,3,2016
158,39,3,2016
159,40,3,2016
160,41,3,2016
161,42,3,2016
162,43,3,2016
163,44,3,2016
164,45,3,2016
165,46,3,2016
166,47,3,2016
167,48,3,2016
168,49,3,2016
169,50,3,2016
170,51,3,2016
171,52,3,2016
172,53,3,2016
173,54,3,2016
174,55,3,2016
175,56,3,2016
176,57,3,2016
177,58,3,2016
178,59,3,2016
179,60,3,2016
180,1,1,2017
181,2,1,2017
182,3,1,2017
183,4,1,2017
184,5,1,2017
185,6,1,2017
186,7,1,2017
187,8,1,2017
188,9,1,2017
189,10,1,2017
190,11,1,2017
191,12,1,2017
192,13,1,2017
193,14,1,2017
194,15,1,2017
195,16,1,2017
196,17,1,2017
197,18,1,2017
198,19,1,2017
199,20,1,2017
200,21,1,2017
201,22,1,2017
202,23,1,2017
203,24,1,2017
204,25,1,2017
205,26,1,2017
206,27,1,2017
207,28,1,2017
208,29,1,2017
209,30,1,2017
210,31,1,2017
211,32,1,2017
212,33,1,2017
213,34,1,2017
214,35,1,2017
215,36,1,2017
216,37,1,2017
217,38,1,2017
218,39,1,2017
219,40,1,2017
220,41,1,2017
221,42,1,2017
222,43,1,2017
223,44,1,2017
224,45,1,2017
225,46,1,2017
226,47,1,2017
227,48,1,2017
228,49,1,2017
229,50,1,2017
230,51,1,2017
231,52,1,2017
232,53,1,2017
233,54,1,2017
234,55,1,2017
235,56,1,2017
236,57,1,2017
237,58,1,2017
238,59,1,2017
239,60,1,2017
240,1,2,2017
241,2,2,2017
242,3,2,2017
243,4,2,2017
244,5,2,2017
245,6,2,2017
246,7,2,2017
247,8,2,2017
248,9,2,2017
249,10,2,2017
250,11,2,2017
251,12,2,2017
252,13,2,2017
253,14,2,2017
254,15,2,2017
255,16,2,2017
256,17,2,2017
257,18,2,2017
258,19,2,2017
259,20,2,2017
260,21,2,2017
261,22,2,2017
262,23,2,2017
263,24,2,2017
264,25,2,2017
265,26,2,2017
266,27,2,2017
267,28,2,2017
268,29,2,2017
269,30,2,2017
270,31,2,2017
271,32,2,2017
272,33,2,2017
273,34,2,2017
274,35,2,2017
275,36,2,2017
276,37,2,2017
277,38,2,2017
278,39,2,2017
279,40,2,2017
280,41,2,2017
281,42,2,2017
282,43,2,2017
283,44,2,2017
284,45,2,2017
285,46,2,2017
286,47,2,2017
287,48,2,2017
288,49,2,2017
289,50,2,2017
290,51,2,2017
291,52,2,2017
292,53,2,2017
293,54,2,2017
294,55,2,2017
295,56,2,2017
296,57,2,2017
297,58,2,2017
298,59,2,2017
299,60,2,2017
300,1,3,2017
301,2,3,2017
302,3,3,2017
303,4,3,2017
304,5,3,2017
305,6,3,2017
306,7,3,2017
307,8,3,2017
308,9,3,2017
309,10,3,2017
310,11,3,2017
311,12,3,2017
312,13,3,2017
313,14,3,2017
314,15,3,2017
315,16,3,2017
316,17,3,2017
317,18,3,2017
318,19,3,2017
319,20,3,2017
320,21,3,2017
321,22,3,2017
322,23,3,2017
323,24,3,2017
324,25,3,2017
325,26,3,2017
326,27,3,2017
327,28,3,2017
328,29,3,2017
329,30,3,2017
330,31,3,2017
331,32,3,2017
332,33,3,2017
333,34,3,2017
334,35,3,2017
335,36,3,2017
336,37,3,2017
337,38,3,2017
338,39,3,2017
339,40,3,2017
340,41,3,2017
341,42,3,2017
342,43,3,2017
343,44,3,2017
344,45,3,2017
345,46,3,2017
346,47,3,2017
347,48,3,2017
348,49,3,2017
349,50,3,2017
350,51,3,2017
351,52,3,2017
352,53,3,2017
353,54,3,2017
354,55,3,2017
355,56,3,2017
356,57,3,2017
357,58,3,2017
358,59,3,2017
359,60,3,2017
360,1,1,2018
361,2,1,2018
362,3,1,2018
363,4,1,2018
364,5,1,2018
365,6,1,2018
366,7,1,2018
367,8,1,2018
368,9,1,2018
369,10,1,2018
370,11,1,2018
371,12,1,2018
372,13,1,2018
373,14,1,2018
374,15,1,2018
375,16,1,2018
376,17,1,2018
377,18,1,2018
378,19,1,2018
379,20,1,2018
380,21,1,2018
381,22,1,2018
382,23,1,2018
383,24,1,2018
384,25,1,2018
385,26,1,2018
386,27,1,2018
387,28,1,2018
388,29,1,2018
389,30,1,2018
390,31,1,2018
391,32,1,2018
392,33,1,2018
393,34,1,2018
394,35,1,2018
395,36,1,2018
396,37,1,2018
397,38,1,2018
398,39,1,2018
399,40,1,2018
400,41,1,2018
401,42,1,2018
402,43,1,2018
403,44,1,2018
404,45,1,2018
405,46,1,2018
406,47,1,2018
407,48,1,2018
408,49,1,2018
409,50,1,2018
410,51,1,2018
411,52,1,2018
412,53,1,2018
413,54,1,2018
414,55,1,2018
415,56,1,2018
416,57,1,2018
417,58,1,2018
418,59,1,2018
419,60,1,2018
420,1,2,2018
421,2,2,2018
422,3,2,2018
423,4,2,2018
424,5,2,2018
425,6,2,2018
426,7,2,2018
427,8,2,2018
428,9,2,2018
429,10,2,2018
430,11,2,2018
431,12,2,2018
432,13,2,2018
433,14,2,2018
434,15,2,2018
435,16,2,2018
436,17,2,2018
437,18,2,2018
438,19,2,2018
439,20,2,2018
440,21,2,2018
441,22,2,2018
442,23,2,2018
443,24,2,2018
444,25,2,2018
445,26,2,2018
446,27,2,2018
447,28,2,2018
448,29,2,2018
449,30,2,2018
450,31,2,2018
451,32,2,2018
452,33,2,2018
453,34,2,2018
454,35,2,2018
455,36,2,2018
456,37,2,2018
457,38,2,2018
458,39,2,2018
459,40,2,2018
460,41,2,2018
461,42,2,2018
462,43,2,2018
463,44,2,2018
464,45,2,2018
465,46,2,2018
466,47,2,2018
467,48,2,2018
468,49,2,2018
469,50,2,2018
470,51,2,2018
471,52,2,2018
472,53,2,2018
473,54,2,2018
474,55,2,2018
475,56,2,2018
476,57,2,2018
477,58,2,2018
478,59,2,2018
479,60,2,2018
480,1,3,2018
481,2,3,2018
482,3,3,2018
483,4,3,2018
484,5,3,2018
485,6,3,2018
486,7,3,2018
487,8,3,2018
488,9,3,2018
489,10,3,2018
490,11,3,2018
491,12,3,2018
492,13,3,2018
493,14,3,2018
494,15,3,2018
495,16,3,2018
496,17,3,2018
497,18,3,2018
498,19,3,2018
499,20,3,2018
500,21,3,2018
501,22,3,2018
502,23,3,2018
503,24,3,2018
504,25,3,2018
505,26,3,2018
506,27,3,2018
507,28,3,2018
508,29,3,2018
509,30,3,2018
510,31,3,2018
511,32,3,2018
512,33,3,2018
513,34,3,2018
514,35,3,2018
515,36,3,2018
516,37,3,2018
517,38,3,2018
518,39,3,2018
519,40,3,2018
520,41,3,2018
521,42,3,2018
522,43,3,2018
523,44,3,2018
524,45,3,2018
525,46,3,2018
526,47,3,2018
527,48,3,2018
528,49,3,2018
529,50,3,2018
530,51,3,2018
531,52,3,2018
532,53,3,2018
533,54,3,2018
534,55,3,2018
535,56,3,2018
536,57,3,2018
537,58,3,2018
538,59,3,2018
539,60,3,2018
540,1,1,2019
541,2,1,2019
542,3,1,2019
543,4,1,2019
544,5,1,2019
545,6,1,2019
546,7,1,2019
547,8,1,2019
548,9,1,2019
549,10,1,2019
550,11,1,2019
551,12,1,2019
552,13,1,2019
553,14,1,2019
554,15,1,2019
555,16,1,2019
556,17,1,2019
557,18,1,2019
558,19,1,2019
559,20,1,2019
560,21,1,2019
561,22,1,2019
562,23,1,2019
563,24,1,2019
564,25,1,2019
565,26,1,2019
566,27,1,2019
567,28,1,2019
568,29,1,2019
569,30,1,2019
570,31,1,2019
571,32,1,2019
572,33,1,2019
573,34,1,2019
574,35,1,2019
575,36,1,2019
576,37,1,2019
577,38,1,2019
578,39,1,2019
579,40,1,2019
580,41,1,2019
581,42,1,2019
582,43,1,2019
583,44,1,2019
584,45,1,2019
585,46,1,2019
586,47,1,2019
587,48,1,2019
588,49,1,2019
589,50,1,2019
590,51,1,2019
591,52,1,2019
592,53,1,2019
593,54,1,2019
594,55,1,2019
595,56,1,2019
596,57,1,2019
597,58,1,2019
598,59,1,2019
599,60,1,2019
600,1,2,2019
601,2,2,2019
602,3,2,2019
603,4,2,2019
604,5,2,2019
605,6,2,2019
606,7,2,2019
607,8,2,2019
608,9,2,2019
609,10,2,2019
610,11,2,2019
611,12,2,2019
612,13,2,2019
613,14,2,2019
614,15,2,2019
615,16,2,2019
616,17,2,2019
617,18,2,2019
618,19,2,2019
619,20,2,2019
620,21,2,2019
621,22,2,2019
622,23,2,2019
623,24,2,2019
624,25,2,2019
625,26,2,2019
626,27,2,2019
627,28,2,2019
628,29,2,2019
629,30,2,2019
630,31,2,2019
631,32,2,2019
632,33,2,2019
633,34,2,2019
634,35,2,2019
635,36,2,2019
636,37,2,2019
637,38,2,2019
638,39,2,2019
639,40,2,2019
640,41,2,2019
641,42,2,2019
642,43,2,2019
643,44,2,2019
644,45,2,2019
645,46,2,2019
646,47,2,2019
647,48,2,2019
648,49,2,2019
649,50,2,2019
650,51,2,2019
651,52,2,2019
652,53,2,2019
653,54,2,2019
654,55,2,2019
655,56,2,2019
656,57,2,2019
657,58,2,2019
658,59,2,2019
659,60,2,2019
660,1,3,2019
661,2,3,2019
662,3,3,2019
663,4,3,2019
664,5,3,2019
665,6,3,2019
666,7,3,2019
667,8,3,2019
668,9,3,2019
669,10,3,2019
670,11,3,2019
671,12,3,2019
672,13,3,2019
673,14,3,2019
674,15,3,2019
675,16,3,2019
676,17,3,2019
677,18,3,2019
678,19,3,2019
679,20,3,2019
680,21,3,2019
681,22,3,2019
682,23,3,2019
683,24,3,2019
684,25,3,2019
685,26,3,2019
686,27,3,2019
687,28,3,2019
688,29,3,2019
689,30,3,2019
690,31,3,2019
691,32,3,2019
692,33,3,2019
693,34,3,2019
694,35,3,2019
695,36,3,2019
696,37,3,2019
697,38,3,2019
698,39,3,2019
699,40,3,2019
700,41,3,2019
701,42,3,2019
702,43,3,2019
703,44,3,2019
704,45,3,2019
705,46,3,2019
706,47,3,2019
707,48,3,2019
708,49,3,2019
709,50,3,2019
710,51,3,2019
711,52,3,2019
712,53,3,2019
713,54,3,2019
714,55,3,2019
715,56,3,2019
716,57,3,2019
717,58,3,2019
718,59,3,2019
719,60,3,2019
720,1,1,2020
721,2,1,2020
722,3,1,2020
723,4,1,2020
724,5,1,2020
725,6,1,2020
726,7,1,2020
727,8,1,2020
728,9,1,2020
729,10,1,2020
730,11,1,2020
731,12,1,2020
732,13,1,2020
733,14,1,2020
734,15,1,2020
735,16,1,2020
736,17,1,2020
737,18,1,2020
738,19,1,2020
739,20,1,2020
740,21,1,2020
741,22,1,2020
742,23,1,2020
743,24,1,2020
744,25,1,2020
745,26,1,2020
746,27,1,2020
747,28,1,2020
748,29,1,2020
749,30,1,2020
750,31,1,2020
751,32,1,2020
752,33,1,2020
753,34,1,2020
754,35,1,2020
755,36,1,2020
756,37,1,2020
757,38,1,2020
758,39,1,2020
759,40,1,2020
760,41,1,2020
761,42,1,2020
762,43,1,2020
763,44,1,2020
764,45,1,2020
765,46,1,2020
766,47,1,2020
767,48,1,2020
768,49,1,2020
769,50,1,2020
770,51,1,2020
771,52,1,2020
772,53,1,2020
773,54,1,2020
774,55,1,2020
775,56,1,2020
776,57,1,2020
777,58,1,2020
778,59,1,2020
779,60,1,2020
780,1,2,2020
781,2,2,2020
782,3,2,2020
783,4,2,2020
784,5,2,2020
785,6,2,2020
786,7,2,2020
787,8,2,2020
788,9,2,2020
789,10,2,2020
790,11,2,2020
791,12,2,2020
792,13,2,2020
793,14,2,2020
794,15,2,2020
795,16,2,2020
796,17,2,2020
797,18,2,2020
798,19,2,2020
799,20,2,2020
800,21,2,2020
801,22,2,2020
802,23,2,2020
803,24,2,2020
804,25,2,2020
805,26,2,2020
806,27,2,2020
807,28,2,2020
808,29,2,2020
809,30,2,2020
810,31,2,2020
811,32,2,2020
812,33,2,2020
813,34,2,2020
814,35,2,2020
815,36,2,2020
816,37,2,2020
817,38,2,2020
818,39,2,2020
819,40,2,2020
820,41,2,2020
821,42,2,2020
822,43,2,2020
823,44,2,2020
824,45,2,2020
825,46,2,2020
826,47,2,2020
827,48,2,2020
828,49,2,2020
829,50,2,2020
830,51,2,2020
831,52,2,2020
832,53,2,2020
833,54,2,2020
834,55,2,2020
835,56,2,2020
836,57,2,2020
837,58,2,2020
838,59,2,2020
839,60,2,2020
840,1,3,2020
841,2,3,2020
842,3,3,2020
843,4,3,2020
844,5,3,2020
845,6,3,2020
846,7,3,2020
847,8,3,2020
848,9,3,2020
849,10,3,2020
850,11,3,2020
851,12,3,2020
852,13,3,2020
853,14,3,2020
854,15,3,2020
855,16,3,2020
856,17,3,2020
857,18,3,2020
858,19,3,2020
859,20,3,2020
860,21,3,2020
861,22,3,2020
862,23,3,2020
863,24,3,2020
864,25,3,2020
865,26,3,2020
866,27,3,2020
867,28,3,2020
868,29,3,2020
869,30,3,2020
870,31,3,2020
871,32,3,2020
872,33,3,2020
873,34,3,2020
874,35,3,2020
875,36,3,2020
876,37,3,2020
877,38,3,2020
878,39,3,2020
879,40,3,2020
880,41,3,2020
881,42,3,2020
882,43,3,2020
883,44,3,2020
884,45,3,2020
885,46,3,2020
886,47,3,2020
887,48,3,2020
888,49,3,2020
889,50,3,2020
890,51,3,2020
891,52,3,2020
892,53,3,2020
893,54,3,2020
894,55,3,2020
895,56,3,2020
896,57,3,2020
897,58,3,2020
898,59,3,2020
899,60,3,2020
900,1,1,2021
901,2,1,2021
902,3,1,2021
903,4,1,2021
904,5,1,2021
905,6,1,2021
906,7,1,2021
907,8,1,2021
908,9,1,2021
909,10,1,2021
910,11,1,2021
911,12,1,2021
912,13,1,2021
913,14,1,2021
914,15,1,2021
915,16,1,2021
916,17,1,2021
917,18,1,2021
918,19,1,2021
919,20,1,2021
920,21,1,2021
921,22,1,2021
922,23,1,2021
923,24,1,2021
924,25,1,2021
925,26,1,2021
926,27,1,2021
927,28,1,2021
928,29,1,2021
929,30,1,2021
930,31,1,2021
931,32,1,2021
932,33,1,2021
933,34,1,2021
934,35,1,2021
935,36,1,2021
936,37,1,2021
937,38,1,2021
938,39,1,2021
939,40,1,2021
940,41,1,2021
941,42,1,2021
942,43,1,2021
943,44,1,2021
944,45,1,2021
945,46,1,2021
946,47,1,2021
947,48,1,2021
948,49,1,2021
949,50,1,2021
950,51,1,2021
951,52,1,2021
952,53,1,2021
953,54,1,2021
954,55,1,2021
955,56,1,2021
956,57,1,2021
957,58,1,2021
958,59,1,2021
959,60,1,2021
960,1,2,2021
961,2,2,2021
962,3,2,2021
963,4,2,2021
964,5,2,2021
965,6,2,2021
966,7,2,2021
967,8,2,2021
968,9,2,2021
969,10,2,2021
970,11,2,2021
971,12,2,2021
972,13,2,2021
973,14,2,2021
974,15,2,2021
975,16,2,2021
976,17,2,2021
977,18,2,2021
978,19,2,2021
979,20,2,2021
980,21,2,2021
981,22,2,2021
982,23,2,2021
983,24,2,2021
984,25,2,2021
985,26,2,2021
986,27,2,2021
987,28,2,2021
988,29,2,2021
989,30,2,2021
990,31,2,2021
991,32,2,2021
992,33,2,2021
993,34,2,2021
994,35,2,2021
995,36,2,2021
996,37,2,2021
997,38,2,2021
998,39,2,2021
999,40,2,2021
1000,41,2,2021
1001,42,2,2021
1002,43,2,2021
1003,44,2,2021
1004,45,2,2021
1005,46,2,2021
1006,47,2,2021
1007,48,2,2021
1008,49,2,2021
1009,50,2,2021
1010,51,2,2021
1011,52,2,2021
1012,53,2,2021
1013,54,2,2021
1014,55,2,2021
1015,56,2,2021
1016,57,2,2021
1017,58,2,2021
1018,59,2,2021
1019,60,2,2021
1020,1,3,2021
1021,2,3,2021
1022,3,3,2021
1023,4,3,2021
1024,5,3,2021
1025,6,3,2021
1026,7,3,2021
1027,8,3,2021
1028,9,3,2021
1029,10,3,2021
1030,11,3,2021
1031,12,3,2021
1032,13,3,2021
1033,14,3,2021
1034,15,3,2021
1035,16,3,2021
1036,17,3,2021
1037,18,3,2021
1038,19,3,2021
1039,20,3,2021
1040,21,3,2021
1041,22,3,2021
1042,23,3,2021
1043,24,3,2021
1044,25,3,2021
1045,26,3,2021
1046,27,3,2021
1047,28,3,2021
1048,29,3,2021
1049,30,3,2021
1050,31,3,2021
1051,32,3,2021
1052,33,3,2021
1053,34,3,2021
1054,35,3,2021
1055,36,3,2021
1056,37,3,2021
1057,38,3,2021
1058,39,3,2021
1059,40,3,2021
1060,41,3,2021
1061,42,3,2021
1062,43,3,2021
1063,44,3,2021
1064,45,3,2021
1065,46,3,2021
1066,47,3,2021
1067,48,3,2021
1068,49,3,2021
1069,50,3,2021
1070,51,3,2021
1071,52,3,2021
1072,53,3,2021
1073,54,3,2021
1074,55,3,2021
1075,56,3,2021
1076,57,3,2021
1077,58,3,2021
1078,59,3,2021
1079,60,3,2021
1080,1,1,2022
1081,2,1,2022
1082,3,1,2022
1083,4,1,2022
1084,5,1,2022
1085,6,1,2022
1086,7,1,2022
1087,8,1,2022
1088,9,1,2022
1089,10,1,2022
1090,11,1,2022
1091,12,1,2022
1092,13,1,2022
1093,14,1,2022
1094,15,1,2022
1095,16,1,2022
1096,17,1,2022
1097,18,1,2022
1098,19,1,2022
1099,20,1,2022
1100,21,1,2022
1101,22,1,2022
1102,23,1,2022
1103,24,1,2022
1104,25,1,2022
1105,26,1,2022
1106,27,1,2022
1107,28,1,2022
1108,29,1,2022
1109,30,1,2022
1110,31,1,2022
1111,32,1,2022
1112,33,1,2022
1113,34,1,2022
1114,35,1,2022
1115,36,1,2022
1116,37,1,2022
1117,38,1,2022
1118,39,1,2022
1119,40,1,2022
1120,41,1,2022
1121,42,1,2022
1122,43,1,2022
1123,44,1,2022
1124,45,1,2022
1125,46,1,2022
1126,47,1,2022
1127,48,1,2022
1128,49,1,2022
1129,50,1,2022
1130,51,1,2022
1131,52,1,2022
1132,53,1,2022
1133,54,1,2022
1134,55,1,2022
1135,56,1,2022
1136,57,1,2022
1137,58,1,2022
1138,59,1,2022
1139,60,1,2022
1140,1,2,2022
1141,2,2,2022
1142,3,2,2022
1143,4,2,2022
1144,5,2,2022
1145,6,2,2022
1146,7,2,2022
1147,8,2,2022
1148,9,2,2022
1149,10,2,2022
1150,11,2,2022
1151,12,2,2022
1152,13,2,2022
1153,14,2,2022
1154,15,2,2022
1155,16,2,2022
1156,17,2,2022
1157,18,2,2022
1158,19,2,2022
1159,20,2,2022
1160,21,2,2022
1161,22,2,2022
1162,23,2,2022
1163,24,2,2022
1164,25,2,2022
1165,26,2,2022
1166,27,2,2022
1167,28,2,2022
1168,29,2,2022
1169,30,2,2022
1170,31,2,2022
1171,32,2,2022
1172,33,2,2022
1173,34,2,2022
1174,35,2,2022
1175,36,2,2022
1176,37,2,2022
1177,38,2,2022
1178,39,2,2022
1179,40,2,2022
1180,41,2,2022
1181,42,2,2022
1182,43,2,2022
1183,44,2,2022
1184,45,2,2022
1185,46,2,2022
1186,47,2,2022
1187,48,2,2022
1188,49,2,2022
1189,50,2,2022
1190,51,2,2022
1191,52,2,2022
1192,53,2,2022
1193,54,2,2022
1194,55,2,2022
1195,56,2,2022
1196,57,2,2022
1197,58,2,2022
1198,59,2,2022
1199,60,2,2022
1200,1,3,2022
1201,2,3,2022
1202,3,3,2022
1203,4,3,2022
1204,5,3,2022
1205,6,3,2022
1206,7,3,2022
1207,8,3,2022
1208,9,3,2022
1209,10,3,2022
1210,11,3,2022
1211,12,3,2022
1212,13,3,2022
1213,14,3,2022
1214,15,3,2022
1215,16,3,2022
1216,17,3,2022
1217,18,3,2022
1218,19,3,2022
1219,20,3,2022
1220,21,3,2022
1221,22,3,2022
1222,23,3,2022
1223,24,3,2022
1224,25,3,2022
1225,26,3,2022
1226,27,3,2022
1227,28,3,2022
1228,29,3,2022
1229,30,3,2022
1230,31,3,2022
1231,32,3,2022
1232,33,3,2022
1233,34,3,2022
1234,35,3,2022
1235,36,3,2022
1236,37,3,2022
1237,38,3,2022
1238,39,3,2022
1239,40,3,2022
1240,41,3,2022
1241,42,3,2022
1242,43,3,2022
1243,44,3,2022
1244,45,3,2022
1245,46,3,2022
1246,47,3,2022
1247,48,3,2022
1248,49,3,2022
1249,50,3,2022
1250,51,3,2022
1251,52,3,2022
1252,53,3,2022
1253,54,3,2022
1254,55,3,2022
1255,56,3,2022
1256,57,3,2022
1257,58,3,2022
1258,59,3,2022
1259,60,3,2022
1260,1,1,2023
1261,2,1,2023
1262,3,1,2023
1263,4,1,2023
1264,5,1,2023
1265,6,1,2023
1266,7,1,2023
1267,8,1,2023
1268,9,1,2023
1269,10,1,2023
1270,11,1,2023
1271,12,1,2023
1272,13,1,2023
1273,14,1,2023
1274,15,1,2023
1275,16,1,2023
1276,17,1,2023
1277,18,1,2023
1278,19,1,2023
1279,20,1,2023
1280,21,1,2023
1281,22,1,2023
1282,23,1,2023
1283,24,1,2023
1284,25,1,2023
1285,26,1,2023
1286,27,1,2023
1287,28,1,2023
1288,29,1,2023
1289,30,1,2023
1290,31,1,2023
1291,32,1,2023
1292,33,1,2023
1293,34,1,2023
1294,35,1,2023
1295,36,1,2023
1296,37,1,2023
1297,38,1,2023
1298,39,1,2023
1299,40,1,2023
1300,41,1,2023
1301,42,1,2023
1302,43,1,2023
1303,44,1,2023
1304,45,1,2023
1305,46,1,2023
1306,47,1,2023
1307,48,1,2023
1308,49,1,2023
1309,50,1,2023
1310,51,1,2023
1311,52,1,2023
1312,53,1,2023
1313,54,1,2023
1314,55,1,2023
1315,56,1,2023
1316,57,1,2023
1317,58,1,2023
1318,59,1,2023
1319,60,1,2023
1320,1,2,2023
1321,2,2,2023
1322,3,2,2023
1323,4,2,2023
1324,5,2,2023
1325,6,2,2023
1326,7,2,2023
1327,8,2,2023
1328,9,2,2023
1329,10,2,2023
1330,11,2,2023
1331,12,2,2023
1332,13,2,2023
1333,14,2,2023
1334,15,2,2023
1335,16,2,2023
1336,17,2,2023
1337,18,2,2023
1338,19,2,2023
1339,20,2,2023
1340,21,2,2023
1341,22,2,2023
1342,23,2,2023
1343,24,2,2023
1344,25,2,2023
1345,26,2,2023
1346,27,2,2023
1347,28,2,2023
1348,29,2,2023
1349,30,2,2023
1350,31,2,2023
1351,32,2,2023
1352,33,2,2023
1353,34,2,2023
1354,35,2,2023
1355,36,2,2023
1356,37,2,2023
1357,38,2,2023
1358,39,2,2023
1359,40,2,2023
1360,41,2,2023
1361,42,2,2023
1362,43,2,2023
1363,44,2,2023
1364,45,2,2023
1365,46,2,2023
1366,47,2,2023
1367,48,2,2023
1368,49,2,2023
1369,50,2,2023
1370,51,2,2023
1371,52,2,2023
1372,53,2,2023
1373,54,2,2023
1374,55,2,2023
1375,56,2,2023
1376,57,2,2023
1377,58,2,2023
1378,59,2,2023
1379,60,2,2023
1380,1,3,2023
1381,2,3,2023
1382,3,3,2023
1383,4,3,2023
1384,5,3,2023
1385,6,3,2023
1386,7,3,2023
1387,8,3,2023
1388,9,3,2023
1389,10,3,2023
1390,11,3,2023
1391,12,3,2023
1392,13,3,2023
1393,14,3,2023
1394,15,3,2023
1395,16,3,2023
1396,17,3,2023
1397,18,3,2023
1398,19,3,2023
1399,20,3,2023
1400,21,3,2023
1401,22,3,2023
1402,23,3,2023
1403,24,3,2023
1404,25,3,2023
1405,26,3,2023
1406,27,3,2023
1407,28,3,2023
1408,29,3,2023
1409,30,3,2023
1410,31,3,2023
1411,32,3,2023
1412,33,3,2023
1413,34,3,2023
1414,35,3,2023
1415,36,3,2023
1416,37,3,2023
1417,38,3,2023
1418,39,3,2023
1419,40,3,2023
1420,41,3,2023
1421,42,3,2023
1422,43,3,2023
1423,44,3,2023
1424,45,3,2023
1425,46,3,2023
1426,47,3,2023
1427,48,3,2023
1428,49,3,2023
1429,50,3,2023
1430,51,3,2023
1431,52,3,2023
1432,53,3,2023
1433,54,3,2023
1434,55,3,2023
1435,56,3,2023
1436,57,3,2023
1437,58,3,2023
1438,59,3,2023
1439,60,3,2023
1440,1,1,2024
1441,2,1,2024
1442,3,1,2024
1443,4,1,2024
1444,5,1,2024
1445,6,1,2024
1446,7,1,2024
1447,8,1,2024
1448,9,1,2024
1449,10,1,2024
1450,11,1,2024
1451,12,1,2024
1452,13,1,2024
1453,14,1,2024
1454,15,1,2024
1455,16,1,2024
1456,17,1,2024
1457,18,1,2024
1458,19,1,2024
1459,20,1,2024
1460,21,1,2024
1461,22,1,2024
1462,23,1,2024
1463,24,1,2024
1464,25,1,2024
1465,26,1,2024
1466,27,1,2024
1467,28,1,2024
1468,29,1,2024
1469,30,1,2024
1470,31,1,2024
1471,32,1,2024
1472,33,1,2024
1473,34,1,2024
1474,35,1,2024
1475,36,1,2024
1476,37,1,2024
1477,38,1,2024
1478,39,1,2024
1479,40,1,2024
1480,41,1,2024
1481,42,1,2024
1482,43,1,2024
1483,44,1,2024
1484,45,1,2024
1485,46,1,2024
1486,47,1,2024
1487,48,1,2024
1488,49,1,2024
1489,50,1,2024
1490,51,1,2024
1491,52,1,2024
1492,53,1,2024
1493,54,1,2024
1494,55,1,2024
1495,56,1,2024
1496,57,1,2024
1497,58,1,2024
1498,59,1,2024
1499,60,1,2024
1500,1,2,2024
1501,2,2,2024
1502,3,2,2024
1503,4,2,2024
1504,5,2,2024
1505,6,2,2024
1506,7,2,2024
1507,8,2,2024
1508,9,2,2024
1509,10,2,2024
1510,11,2,2024
1511,12,2,2024
1512,13,2,2024
1513,14,2,2024
1514,15,2,2024
1515,16,2,2024
1516,17,2,2024
1517,18,2,2024
1518,19,2,2024
1519,20,2,2024
1520,21,2,2024
1521,22,2,2024
1522,23,2,2024
1523,24,2,2024
1524,25,2,2024
1525,26,2,2024
1526,27,2,2024
1527,28,2,2024
1528,29,2,2024
1529,30,2,2024
1530,31,2,2024
1531,32,2,2024
1532,33,2,2024
1533,34,2,2024
1534,35,2,2024
1535,36,2,2024
1536,37,2,2024
1537,38,2,2024
1538,39,2,2024
1539,40,2,2024
1540,41,2,2024
1541,42,2,2024
1542,43,2,2024
1543,44,2,2024
1544,45,2,2024
1545,46,2,2024
1546,47,2,2024
1547,48,2,2024
1548,49,2,2024
1549,50,2,2024
1550,51,2,2024
1551,52,2,2024
1552,53,2,2024
1553,54,2,2024
1554,55,2,2024
1555,56,2,2024
1556,57,2,2024
1557,58,2,2024
1558,59,2,2024
1559,60,2,2024
1560,1,3,2024
1561,2,3,2024
1562,3,3,2024
1563,4,3,2024
1564,5,3,2024
1565,6,3,2024
1566,7,3,2024
1567,8,3,2024
1568,9,3,2024
1569,10,3,2024
1570,11,3,2024
1571,12,3,2024
1572,13,3,2024
1573,14,3,2024
1574,15,3,2024
1575,16,3,2024
1576,17,3,2024
1577,18,3,2024
1578,19,3,2024
1579,20,3,2024
1580,21,3,2024
1581,22,3,2024
1582,23,3,2024
1583,24,3,2024
1584,25,3,2024
1585,26,3,2024
1586,27,3,2024
1587,28,3,2024
1588,29,3,2024
1589,30,3,2024
1590,31,3,2024
1591,32,3,2024
1592,33,3,2024
1593,34,3,2024
1594,35,3,2024
1595,36,3,2024
1596,37,3,2024
1597,38,3,2024
1598,39,3,2024
1599,40,3,2024
1600,41,3,2024
1601,42,3,2024
1602,43,3,2024
1603,44,3,2024
1604,45,3,2024
1605,46,3,2024
1606,47,3,2024
1607,48,3,2024
1608,49,3,2024
1609,50,3,2024
1610,51,3,2024
1611,52,3,2024
1612,53,3,2024
1613,54,3,2024
1614,55,3,2024
1615,56,3,2024
1616,57,3,2024
1617,58,3,2024
1618,59,3,2024
1619,60,3,2024
1620,1,1,2025
1621,2,1,2025
1622,3,1,2025
1623,4,1,2025
1624,5,1,2025
1625,6,1,2025
1626,7,1,2025
1627,8,1,2025
1628,9,1,2025
1629,10,1,2025
1630,11,1,2025
1631,12,1,2025
1632,13,1,2025
1633,14,1,2025
1634,15,1,2025
1635,16,1,2025
1636,17,1,2025
1637,18,1,2025
1638,19,1,2025
1639,20,1,2025
1640,21,1,2025
1641,22,1,2025
1642,23,1,2025
1643,24,1,2025
1644,25,1,2025
1645,26,1,2025
1646,27,1,2025
1647,28,1,2025
1648,29,1,2025
1649,30,1,2025
1650,31,1,2025
1651,32,1,2025
1652,33,1,2025
1653,34,1,2025
1654,35,1,2025
1655,36,1,2025
1656,37,1,2025
1657,38,1,2025
1658,39,1,2025
1659,40,1,2025
1660,41,1,2025
1661,42,1,2025
1662,43,1,2025
1663,44,1,2025
1664,45,1,2025
1665,46,1,2025
1666,47,1,2025
1667,48,1,2025
1668,49,1,2025
1669,50,1,2025
1670,51,1,2025
1671,52,1,2025
1672,53,1,2025
1673,54,1,2025
1674,55,1,2025
1675,56,1,2025
1676,57,1,2025
1677,58,1,2025
1678,59,1,2025
1679,60,1,2025
1680,1,2,2025
1681,2,2,2025
1682,3,2,2025
1683,4,2,2025
1684,5,2,2025
1685,6,2,2025
1686,7,2,2025
1687,8,2,2025
1688,9,2,2025
1689,10,2,2025
1690,11,2,2025
1691,12,2,2025
1692,13,2,2025
1693,14,2,2025
1694,15,2,2025
1695,16,2,2025
1696,17,2,2025
1697,18,2,2025
1698,19,2,2025
1699,20,2,2025
1700,21,2,2025
1701,22,2,2025
1702,23,2,2025
1703,24,2,2025
1704,25,2,2025
1705,26,2,2025
1706,27,2,2025
1707,28,2,2025
1708,29,2,2025
1709,30,2,2025
1710,31,2,2025
1711,32,2,2025
1712,33,2,2025
1713,34,2,2025
1714,35,2,2025
1715,36,2,2025
1716,37,2,2025
1717,38,2,2025
1718,39,2,2025
1719,40,2,2025
1720,41,2,2025
1721,42,2,2025
1722,43,2,2025
1723,44,2,2025
1724,45,2,2025
1725,46,2,2025
1726,47,2,2025
1727,48,2,2025
1728,49,2,2025
1729,50,2,2025
1730,51,2,2025
1731,52,2,2025
1732,53,2,2025
1733,54,2,2025
1734,55,2,2025
1735,56,2,2025
1736,57,2,2025
1737,58,2,2025
1738,59,2,2025
1739,60,2,2025
1740,1,3,2025
1741,2,3,2025
1742,3,3,2025
1743,4,3,2025
1744,5,3,2025
1745,6,3,2025
1746,7,3,2025
1747,8,3,2025
1748,9,3,2025
1749,10,3,2025
1750,11,3,2025
1751,12,3,2025
1752,13,3,2025
1753,14,3,2025
1754,15,3,2025
1755,16,3,2025
1756,17,3,2025
1757,18,3,2025
1758,19,3,2025
1759,20,3,2025
1760,21,3,2025
1761,22,3,2025
1762,23,3,2025
1763,24,3,2025
1764,25,3,2025
1765,26,3,2025
1766,27,3,2025
1767,28,3,2025
1768,29,3,2025
1769,30,3,2025
1770,31,3,2025
1771,32,3,2025
1772,33,3,2025
1773,34,3,2025
1774,35,3,2025
1775,36,3,2025
1776,37,3,2025
1777,38,3,2025
1778,39,3,2025
1779,40,3,2025
1780,41,3,2025
1781,42,3,2025
1782,43,3,2025
1783,44,3,2025
1784,45,3,2025
1785,46,3,2025
1786,47,3,2025
1787,48,3,2025
1788,49,3,2025
1789,50,3,2025
1790,51,3,2025
1791,52,3,2025
1792,53,3,2025
1793,54,3,2025
1794,55,3,2025
1795,56,3,2025
1796,57,3,2025
1797,58,3,2025
1798,59,3,2025
1799,60,3,2025
1800,1,1,2026
1801,2,1,2026
1802,3,1,2026
1803,4,1,2026
1804,5,1,2026
1805,6,1,2026
1806,7,1,2026
1807,8,1,2026
1808,9,1,2026
1809,10,1,2026
1810,11,1,2026
1811,12,1,2026
1812,13,1,2026
1813,14,1,2026
1814,15,1,2026
1815,16,1,2026
1816,17,1,2026
1817,18,1,2026
1818,19,1,2026
1819,20,1,2026
1820,21,1,2026
1821,22,1,2026
1822,23,1,2026
1823,24,1,2026
1824,25,1,2026
1825,26,1,2026
1826,27,1,2026
1827,28,1,2026
1828,29,1,2026
1829,30,1,2026
1830,31,1,2026
1831,32,1,2026
1832,33,1,2026
1833,34,1,2026
1834,35,1,2026
1835,36,1,2026
1836,37,1,2026
1837,38,1,2026
1838,39,1,2026
1839,40,1,2026
1840,41,1,2026
1841,42,1,2026
1842,43,1,2026
1843,44,1,2026
1844,45,1,2026
1845,46,1,2026
1846,47,1,2026
1847,48,1,2026
1848,49,1,2026
1849,50,1,2026
1850,51,1,2026
1851,52,1,2026
1852,53,1,2026
1853,54,1,2026
1854,55,1,2026
1855,56,1,2026
1856,57,1,2026
1857,58,1,2026
1858,59,1,2026
1859,60,1,2026
1860,1,2,2026
1861,2,2,2026
1862,3,2,2026
1863,4,2,2026
1864,5,2,2026
1865,6,2,2026
1866,7,2,2026
1867,8,2,2026
1868,9,2,2026
1869,10,2,2026
1870,11,2,2026
1871,12,2,2026
1872,13,2,2026
1873,14,2,2026
1874,15,2,2026
1875,16,2,2026
1876,17,2,2026
1877,18,2,2026
1878,19,2,2026
1879,20,2,2026
1880,21,2,2026
1881,22,2,2026
1882,23,2,2026
1883,24,2,2026
1884,25,2,2026
1885,26,2,2026
1886,27,2,2026
1887,28,2,2026
1888,29,2,2026
1889,30,2,2026
1890,31,2,2026
1891,32,2,2026
1892,33,2,2026
1893,34,2,2026
1894,35,2,2026
1895,36,2,2026
1896,37,2,2026
1897,38,2,2026
1898,39,2,2026
1899,40,2,2026
1900,41,2,2026
1901,42,2,2026
1902,43,2,2026
1903,44,2,2026
1904,45,2,2026
1905,46,2,2026
1906,47,2,2026
1907,48,2,2026
1908,49,2,2026
1909,50,2,2026
1910,51,2,2026
1911,52,2,2026
1912,53,2,2026
1913,54,2,2026
1914,55,2,2026
1915,56,2,2026
1916,57,2,2026
1917,58,2,2026
1918,59,2,2026
1919,60,2,2026
1920,1,3,2026
1921,2,3,2026
1922,3,3,2026
1923,4,3,2026
1924,5,3,2026
1925,6,3,2026
1926,7,3,2026
1927,8,3,2026
1928,9,3,2026
1929,10,3,2026
1930,11,3,2026
1931,12,3,2026
1932,13,3,2026
1933,14,3,2026
1934,15,3,2026
1935,16,3,2026
1936,17,3,2026
1937,18,3,2026
1938,19,3,2026
1939,20,3,2026
1940,21,3,2026
1941,22,3,2026
1942,23,3,2026
1943,24,3,2026
1944,25,3,2026
1945,26,3,2026
1946,27,3,2026
1947,28,3,2026
1948,29,3,2026
1949,30,3,2026
1950,31,3,2026
1951,32,3,2026
1952,33,3,2026
1953,34,3,2026
1954,35,3,2026
1955,36,3,2026
1956,37,3,2026
1957,38,3,2026
1958,39,3,2026
1959,40,3,2026
1960,41,3,2026
1961,42,3,2026
1962,43,3,2026
1963,44,3,2026
1964,45,3,2026
1965,46,3,2026
1966,47,3,2026
1967,48,3,2026
1968,49,3,2026
1969,50,3,2026
1970,51,3,2026
1971,52,3,2026
1972,53,3,2026
1973,54,3,2026
1974,55,3,2026
1975,56,3,2026
1976,57,3,2026
1977,58,3,2026
1978,59,3,2026
1979,60,3,2026
1980,1,1,2027
1981,2,1,2027
1982,3,1,2027
1983,4,1,2027
1984,5,1,2027
1985,6,1,2027
1986,7,1,2027
1987,8,1,2027
1988,9,1,2027
1989,10,1,2027
1990,11,1,2027
1991,12,1,2027
1992,13,1,2027
1993,14,1,2027
1994,15,1,2027
1995,16,1,2027
1996,17,1,2027
1997,18,1,2027
1998,19,1,2027
1999,20,1,2027
2000,21,1,2027
2001,22,1,2027
2002,23,1,2027
2003,24,1,2027
2004,25,1,2027
2005,26,1,2027
2006,27,1,2027
2007,28,1,2027
2008,29,1,2027
2009,30,1,2027
2010,31,1,2027
2011,32,1,2027
2012,33,1,2027
2013,34,1,2027
2014,35,1,2027
2015,36,1,2027
2016,37,1,2027
2017,38,1,2027
2018,39,1,2027
2019,40,1,2027
2020,41,1,2027
2021,42,1,2027
2022,43,1,2027
2023,44,1,2027
2024,45,1,2027
2025,46,1,2027
2026,47,1,2027
2027,48,1,2027
2028,49,1,2027
2029,50,1,2027
2030,51,1,2027
2031,52,1,2027
2032,53,1,2027
2033,54,1,2027
2034,55,1,2027
2035,56,1,2027
2036,57,1,2027
2037,58,1,2027
2038,59,1,2027
2039,60,1,2027
2040,1,2,2027
2041,2,2,2027
2042,3,2,2027
2043,4,2,2027
2044,5,2,2027
2045,6,2,2027
2046,7,2,2027
2047,8,2,2027
2048,9,2,2027
2049,10,2,2027
2050,11,2,2027
2051,12,2,2027
2052,13,2,2027
2053,14,2,2027
2054,15,2,2027
2055,16,2,2027
2056,17,2,2027
2057,18,2,2027
2058,19,2,2027
2059,20,2,2027
2060,21,2,2027
2061,22,2,2027
2062,23,2,2027
2063,24,2,2027
2064,25,2,2027
2065,26,2,2027
2066,27,2,2027
2067,28,2,2027
2068,29,2,2027
2069,30,2,2027
2070,31,2,2027
2071,32,2,2027
2072,33,2,2027
2073,34,2,2027
2074,35,2,2027
2075,36,2,2027
2076,37,2,2027
2077,38,2,2027
2078,39,2,2027
2079,40,2,2027
2080,41,2,2027
2081,42,2,2027
2082,43,2,2027
2083,44,2,2027
2084,45,2,2027
2085,46,2,2027
2086,47,2,2027
2087,48,2,2027
2088,49,2,2027
2089,50,2,2027
2090,51,2,2027
2091,52,2,2027
2092,53,2,2027
2093,54,2,2027
2094,55,2,2027
2095,56,2,2027
2096,57,2,2027
2097,58,2,2027
2098,59,2,2027
2099,60,2,2027
2100,1,3,2027
2101,2,3,2027
2102,3,3,2027
2103,4,3,2027
2104,5,3,2027
2105,6,3,2027
2106,7,3,2027
2107,8,3,2027
2108,9,3,2027
2109,10,3,2027
2110,11,3,2027
2111,12,3,2027
2112,13,3,2027
2113,14,3,2027
2114,15,3,2027
2115,16,3,2027
2116,17,3,2027
2117,18,3,2027
2118,19,3,2027
2119,20,3,2027
2120,21,3,2027
2121,22,3,2027
2122,23,3,2027
2123,24,3,2027
2124,25,3,2027
2125,26,3,2027
2126,27,3,2027
2127,28,3,2027
2128,29,3,2027
2129,30,3,2027
2130,31,3,2027
2131,32,3,2027
2132,33,3,2027
2133,34,3,2027
2134,35,3,2027
2135,36,3,2027
2136,37,3,2027
2137,38,3,2027
2138,39,3,2027
2139,40,3,2027
2140,41,3,2027
2141,42,3,2027
2142,43,3,2027
2143,44,3,2027
2144,45,3,2027
2145,46,3,2027
2146,47,3,2027
2147,48,3,2027
2148,49,3,2027
2149,50,3,2027
2150,51,3,2027
2151,52,3,2027
2152,53,3,2027
2153,54,3,2027
2154,55,3,2027
2155,56,3,2027
2156,57,3,2027
2157,58,3,2027
2158,59,3,2027
2159,60,3,2027
2160,1,1,2028
2161,2,1,2028
2162,3,1,2028
2163,4,1,2028
2164,5,1,2028
2165,6,1,2028
2166,7,1,2028
2167,8,1,2028
2168,9,1,2028
2169,10,1,2028
2170,11,1,2028
2171,12,1,2028
2172,13,1,2028
2173,14,1,2028
2174,15,1,2028
2175,16,1,2028
2176,17,1,2028
2177,18,1,2028
2178,19,1,2028
2179,20,1,2028
2180,21,1,2028
2181,22,1,2028
2182,23,1,2028
2183,24,1,2028
2184,25,1,2028
2185,26,1,2028
2186,27,1,2028
2187,28,1,2028
2188,29,1,2028
2189,30,1,2028
2190,31,1,2028
2191,32,1,2028
2192,33,1,2028
2193,34,1,2028
2194,35,1,2028
2195,36,1,2028
2196,37,1,2028
2197,38,1,2028
2198,39,1,2028
2199,40,1,2028
2200,41,1,2028
2201,42,1,2028
2202,43,1,2028
2203,44,1,2028
2204,45,1,2028
2205,46,1,2028
2206,47,1,2028
2207,48,1,2028
2208,49,1,2028
2209,50,1,2028
2210,51,1,2028
2211,52,1,2028
2212,53,1,2028
2213,54,1,2028
2214,55,1,2028
2215,56,1,2028
2216,57,1,2028
2217,58,1,2028
2218,59,1,2028
2219,60,1,2028
2220,1,2,2028
2221,2,2,2028
2222,3,2,2028
2223,4,2,2028
2224,5,2,2028
2225,6,2,2028
2226,7,2,2028
2227,8,2,2028
2228,9,2,2028
2229,10,2,2028
2230,11,2,2028
2231,12,2,2028
2232,13,2,2028
2233,14,2,2028
2234,15,2,2028
2235,16,2,2028
2236,17,2,2028
2237,18,2,2028
2238,19,2,2028
2239,20,2,2028
2240,21,2,2028
2241,22,2,2028
2242,23,2,2028
2243,24,2,2028
2244,25,2,2028
2245,26,2,2028
2246,27,2,2028
2247,28,2,2028
2248,29,2,2028
2249,30,2,2028
2250,31,2,2028
2251,32,2,2028
2252,33,2,2028
2253,34,2,2028
2254,35,2,2028
2255,36,2,2028
2256,37,2,2028
2257,38,2,2028
2258,39,2,2028
2259,40,2,2028
2260,41,2,2028
2261,42,2,2028
2262,43,2,2028
2263,44,2,2028
2264,45,2,2028
2265,46,2,2028
2266,47,2,2028
2267,48,2,2028
2268,49,2,2028
2269,50,2,2028
2270,51,2,2028
2271,52,2,2028
2272,53,2,2028
2273,54,2,2028
2274,55,2,2028
2275,56,2,2028
2276,57,2,2028
2277,58,2,2028
2278,59,2,2028
2279,60,2,2028
2280,1,3,2028
2281,2,3,2028
2282,3,3,2028
2283,4,3,2028
2284,5,3,2028
2285,6,3,2028
2286,7,3,2028
2287,8,3,2028
2288,9,3,2028
2289,10,3,2028
2290,11,3,2028
2291,12,3,2028
2292,13,3,2028
2293,14,3,2028
2294,15,3,2028
2295,16,3,2028
2296,17,3,2028
2297,18,3,2028
2298,19,3,2028
2299,20,3,2028
2300,21,3,2028
2301,22,3,2028
2302,23,3,2028
2303,24,3,2028
2304,25,3,2028
2305,26,3,2028
2306,27,3,2028
2307,28,3,2028
2308,29,3,2028
2309,30,3,2028
2310,31,3,2028
2311,32,3,2028
2312,33,3,2028
2313,34,3,2028
2314,35,3,2028
2315,36,3,2028
2316,37,3,2028
2317,38,3,2028
2318,39,3,2028
2319,40,3,2028
2320,41,3,2028
2321,42,3,2028
2322,43,3,2028
2323,44,3,2028
2324,45,3,2028
2325,46,3,2028
2326,47,3,2028
2327,48,3,2028
2328,49,3,2028
2329,50,3,2028
2330,51,3,2028
2331,52,3,2028
2332,53,3,2028
2333,54,3,2028
2334,55,3,2028
2335,56,3,2028
2336,57,3,2028
2337,58,3,2028
2338,59,3,2028
2339,60,3,2028
2340,1,1,2029
2341,2,1,2029
2342,3,1,2029
2343,4,1,2029
2344,5,1,2029
2345,6,1,2029
2346,7,1,2029
2347,8,1,2029
2348,9,1,2029
2349,10,1,2029
2350,11,1,2029
2351,12,1,2029
2352,13,1,2029
2353,14,1,2029
2354,15,1,2029
2355,16,1,2029
2356,17,1,2029
2357,18,1,2029
2358,19,1,2029
2359,20,1,2029
2360,21,1,2029
2361,22,1,2029
2362,23,1,2029
2363,24,1,2029
2364,25,1,2029
2365,26,1,2029
2366,27,1,2029
2367,28,1,2029
2368,29,1,2029
2369,30,1,2029
2370,31,1,2029
2371,32,1,2029
2372,33,1,2029
2373,34,1,2029
2374,35,1,2029
2375,36,1,2029
2376,37,1,2029
2377,38,1,2029
2378,39,1,2029
2379,40,1,2029
2380,41,1,2029
2381,42,1,2029
2382,43,1,2029
2383,44,1,2029
2384,45,1,2029
2385,46,1,2029
2386,47,1,2029
2387,48,1,2029
2388,49,1,2029
2389,50,1,2029
2390,51,1,2029
2391,52,1,2029
2392,53,1,2029
2393,54,1,2029
2394,55,1,2029
2395,56,1,2029
2396,57,1,2029
2397,58,1,2029
2398,59,1,2029
2399,60,1,2029
2400,1,2,2029
2401,2,2,2029
2402,3,2,2029
2403,4,2,2029
2404,5,2,2029
2405,6,2,2029
2406,7,2,2029
2407,8,2,2029
2408,9,2,2029
2409,10,2,2029
2410,11,2,2029
2411,12,2,2029
2412,13,2,2029
2413,14,2,2029
2414,15,2,2029
2415,16,2,2029
2416,17,2,2029
2417,18,2,2029
2418,19,2,2029
2419,20,2,2029
2420,21,2,2029
2421,22,2,2029
2422,23,2,2029
2423,24,2,2029
2424,25,2,2029
2425,26,2,2029
2426,27,2,2029
2427,28,2,2029
2428,29,2,2029
2429,30,2,2029
2430,31,2,2029
2431,32,2,2029
2432,33,2,2029
2433,34,2,2029
2434,35,2,2029
2435,36,2,2029
2436,37,2,2029
2437,38,2,2029
2438,39,2,2029
2439,40,2,2029
2440,41,2,2029
2441,42,2,2029
2442,43,2,2029
2443,44,2,2029
2444,45,2,2029
2445,46,2,2029
2446,47,2,2029
2447,48,2,2029
2448,49,2,2029
2449,50,2,2029
2450,51,2,2029
2451,52,2,2029
2452,53,2,2029
2453,54,2,2029
2454,55,2,2029
2455,56,2,2029
2456,57,2,2029
2457,58,2,2029
2458,59,2,2029
2459,60,2,2029
2460,1,3,2029
2461,2,3,2029
2462,3,3,2029
2463,4,3,2029
2464,5,3,2029
2465,6,3,2029
2466,7,3,2029
2467,8,3,2029
2468,9,3,2029
2469,10,3,2029
2470,11,3,2029
2471,12,3,2029
2472,13,3,2029
2473,14,3,2029
2474,15,3,2029
2475,16,3,2029
2476,17,3,2029
2477,18,3,2029
2478,19,3,2029
2479,20,3,2029
2480,21,3,2029
2481,22,3,2029
2482,23,3,2029
2483,24,3,2029
2484,25,3,2029
2485,26,3,2029
2486,27,3,2029
2487,28,3,2029
2488,29,3,2029
2489,30,3,2029
2490,31,3,2029
2491,32,3,2029
2492,33,3,2029
2493,34,3,2029
2494,35,3,2029
2495,36,3,2029
2496,37,3,2029
2497,38,3,2029
2498,39,3,2029
2499,40,3,2029
2500,41,3,2029
2501,42,3,2029
2502,43,3,2029
2503,44,3,2029
2504,45,3,2029
2505,46,3,2029
2506,47,3,2029
2507,48,3,2029
2508,49,3,2029
2509,50,3,2029
2510,51,3,2029
2511,52,3,2029
2512,53,3,2029
2513,54,3,2029
2514,55,3,2029
2515,56,3,2029
2516,57,3,2029
2517,58,3,2029
2518,59,3,2029
2519,60,3,2029
2520,1,1,2030
2521,2,1,2030
2522,3,1,2030
2523,4,1,2030
2524,5,1,2030
2525,6,1,2030
2526,7,1,2030
2527,8,1,2030
2528,9,1,2030
2529,10,1,2030
2530,11,1,2030
2531,12,1,2030
2532,13,1,2030
2533,14,1,2030
2534,15,1,2030
2535,16,1,2030
2536,17,1,2030
2537,18,1,2030
2538,19,1,2030
2539,20,1,2030
2540,21,1,2030
2541,22,1,2030
2542,23,1,2030
2543,24,1,2030
2544,25,1,2030
2545,26,1,2030
2546,27,1,2030
2547,28,1,2030
2548,29,1,2030
2549,30,1,2030
2550,31,1,2030
2551,32,1,2030
2552,33,1,2030
2553,34,1,2030
2554,35,1,2030
2555,36,1,2030
2556,37,1,2030
2557,38,1,2030
2558,39,1,2030
2559,40,1,2030
2560,41,1,2030
2561,42,1,2030
2562,43,1,2030
2563,44,1,2030
2564,45,1,2030
2565,46,1,2030
2566,47,1,2030
2567,48,1,2030
2568,49,1,2030
2569,50,1,2030
2570,51,1,2030
2571,52,1,2030
2572,53,1,2030
2573,54,1,2030
2574,55,1,2030
2575,56,1,2030
2576,57,1,2030
2577,58,1,2030
2578,59,1,2030
2579,60,1,2030
2580,1,2,2030
2581,2,2,2030
2582,3,2,2030
2583,4,2,2030
2584,5,2,2030
2585,6,2,2030
2586,7,2,2030
2587,8,2,2030
2588,9,2,2030
2589,10,2,2030
2590,11,2,2030
2591,12,2,2030
2592,13,2,2030
2593,14,2,2030
2594,15,2,2030
2595,16,2,2030
2596,17,2,2030
2597,18,2,2030
2598,19,2,2030
2599,20,2,2030
2600,21,2,2030
2601,22,2,2030
2602,23,2,2030
2603,24,2,2030
2604,25,2,2030
2605,26,2,2030
2606,27,2,2030
2607,28,2,2030
2608,29,2,2030
2609,30,2,2030
2610,31,2,2030
2611,32,2,2030
2612,33,2,2030
2613,34,2,2030
2614,35,2,2030
2615,36,2,2030
2616,37,2,2030
2617,38,2,2030
2618,39,2,2030
2619,40,2,2030
2620,41,2,2030
2621,42,2,2030
2622,43,2,2030
2623,44,2,2030
2624,45,2,2030
2625,46,2,2030
2626,47,2,2030
2627,48,2,2030
2628,49,2,2030
2629,50,2,2030
2630,51,2,2030
2631,52,2,2030
2632,53,2,2030
2633,54,2,2030
2634,55,2,2030
2635,56,2,2030
2636,57,2,2030
2637,58,2,2030
2638,59,2,2030
2639,60,2,2030
2640,1,3,2030
2641,2,3,2030
2642,3,3,2030
2643,4,3,2030
2644,5,3,2030
2645,6,3,2030
2646,7,3,2030
2647,8,3,2030
2648,9,3,2030
2649,10,3,2030
2650,11,3,2030
2651,12,3,2030
2652,13,3,2030
2653,14,3,2030
2654,15,3,2030
2655,16,3,2030
2656,17,3,2030
2657,18,3,2030
2658,19,3,2030
2659,20,3,2030
2660,21,3,2030
2661,22,3,2030
2662,23,3,2030
2663,24,3,2030
2664,25,3,2030
2665,26,3,2030
2666,27,3,2030
2667,28,3,2030
2668,29,3,2030
2669,30,3,2030
2670,31,3,2030
2671,32,3,2030
2672,33,3,2030
2673,34,3,2030
2674,35,3,2030
2675,36,3,2030
2676,37,3,2030
2677,38,3,2030
2678,39,3,2030
2679,40,3,2030
2680,41,3,2030
2681,42,3,2030
2682,43,3,2030
2683,44,3,2030
2684,45,3,2030
2685,46,3,2030
2686,47,3,2030
2687,48,3,2030
2688,49,3,2030
2689,50,3,2030
2690,51,3,2030
2691,52,3,2030
2692,53,3,2030
2693,54,3,2030
2694,55,3,2030
2695,56,3,2030
2696,57,3,2030
2697,58,3,2030
2698,59,3,2030
2699,60,3,2030
2700,1,1,2031
2701,2,1,2031
2702,3,1,2031
2703,4,1,2031
2704,5,1,2031
2705,6,1,2031
2706,7,1,2031
2707,8,1,2031
2708,9,1,2031
2709,10,1,2031
2710,11,1,2031
2711,12,1,2031
2712,13,1,2031
2713,14,1,2031
2714,15,1,2031
2715,16,1,2031
2716,17,1,2031
2717,18,1,2031
2718,19,1,2031
2719,20,1,2031
2720,21,1,2031
2721,22,1,2031
2722,23,1,2031
2723,24,1,2031
2724,25,1,2031
2725,26,1,2031
2726,27,1,2031
2727,28,1,2031
2728,29,1,2031
2729,30,1,2031
2730,31,1,2031
2731,32,1,2031
2732,33,1,2031
2733,34,1,2031
2734,35,1,2031
2735,36,1,2031
2736,37,1,2031
2737,38,1,2031
2738,39,1,2031
2739,40,1,2031
2740,41,1,2031
2741,42,1,2031
2742,43,1,2031
2743,44,1,2031
2744,45,1,2031
2745,46,1,2031
2746,47,1,2031
2747,48,1,2031
2748,49,1,2031
2749,50,1,2031
2750,51,1,2031
2751,52,1,2031
2752,53,1,2031
2753,54,1,2031
2754,55,1,2031
2755,56,1,2031
2756,57,1,2031
2757,58,1,2031
2758,59,1,2031
2759,60,1,2031
2760,1,2,2031
2761,2,2,2031
2762,3,2,2031
2763,4,2,2031
2764,5,2,2031
2765,6,2,2031
2766,7,2,2031
2767,8,2,2031
2768,9,2,2031
2769,10,2,2031
2770,11,2,2031
2771,12,2,2031
2772,13,2,2031
2773,14,2,2031
2774,15,2,2031
2775,16,2,2031
2776,17,2,2031
2777,18,2,2031
2778,19,2,2031
2779,20,2,2031
2780,21,2,2031
2781,22,2,2031
2782,23,2,2031
2783,24,2,2031
2784,25,2,2031
2785,26,2,2031
2786,27,2,2031
2787,28,2,2031
2788,29,2,2031
2789,30,2,2031
2790,31,2,2031
2791,32,2,2031
2792,33,2,2031
2793,34,2,2031
2794,35,2,2031
2795,36,2,2031
2796,37,2,2031
2797,38,2,2031
2798,39,2,2031
2799,40,2,2031
2800,41,2,2031
2801,42,2,2031
2802,43,2,2031
2803,44,2,2031
2804,45,2,2031
2805,46,2,2031
2806,47,2,2031
2807,48,2,2031
2808,49,2,2031
2809,50,2,2031
2810,51,2,2031
2811,52,2,2031
2812,53,2,2031
2813,54,2,2031
2814,55,2,2031
2815,56,2,2031
2816,57,2,2031
2817,58,2,2031
2818,59,2,2031
2819,60,2,2031
2820,1,3,2031
2821,2,3,2031
2822,3,3,2031
2823,4,3,2031
2824,5,3,2031
2825,6,3,2031
2826,7,3,2031
2827,8,3,2031
2828,9,3,2031
2829,10,3,2031
2830,11,3,2031
2831,12,3,2031
2832,13,3,2031
2833,14,3,2031
2834,15,3,2031
2835,16,3,2031
2836,17,3,2031
2837,18,3,2031
2838,19,3,2031
2839,20,3,2031
2840,21,3,2031
2841,22,3,2031
2842,23,3,2031
2843,24,3,2031
2844,25,3,2031
2845,26,3,2031
2846,27,3,2031
2847,28,3,2031
2848,29,3,2031
2849,30,3,2031
2850,31,3,2031
2851,32,3,2031
2852,33,3,2031
2853,34,3,2031
2854,35,3,2031
2855,36,3,2031
2856,37,3,2031
2857,38,3,2031
2858,39,3,2031
2859,40,3,2031
2860,41,3,2031
2861,42,3,2031
2862,43,3,2031
2863,44,3,2031
2864,45,3,2031
2865,46,3,2031
2866,47,3,2031
2867,48,3,2031
2868,49,3,2031
2869,50,3,2031
2870,51,3,2031
2871,52,3,2031
2872,53,3,2031
2873,54,3,2031
2874,55,3,2031
2875,56,3,2031
2876,57,3,2031
2877,58,3,2031
2878,59,3,2031
2879,60,3,2031
2880,1,1,2032
2881,2,1,2032
2882,3,1,2032
2883,4,1,2032
2884,5,1,2032
2885,6,1,2032
2886,7,1,2032
2887,8,1,2032
2888,9,1,2032
2889,10,1,2032
2890,11,1,2032
2891,12,1,2032
2892,13,1,2032
2893,14,1,2032
2894,15,1,2032
2895,16,1,2032
2896,17,1,2032
2897,18,1,2032
2898,19,1,2032
2899,20,1,2032
2900,21,1,2032
2901,22,1,2032
2902,23,1,2032
2903,24,1,2032
2904,25,1,2032
2905,26,1,2032
2906,27,1,2032
2907,28,1,2032
2908,29,1,2032
2909,30,1,2032
2910,31,1,2032
2911,32,1,2032
2912,33,1,2032
2913,34,1,2032
2914,35,1,2032
2915,36,1,2032
2916,37,1,2032
2917,38,1,2032
2918,39,1,2032
2919,40,1,2032
2920,41,1,2032
2921,42,1,2032
2922,43,1,2032
2923,44,1,2032
2924,45,1,2032
2925,46,1,2032
2926,47,1,2032
2927,48,1,2032
2928,49,1,2032
2929,50,1,2032
2930,51,1,2032
2931,52,1,2032
2932,53,1,2032
2933,54,1,2032
2934,55,1,2032
2935,56,1,2032
2936,57,1,2032
2937,58,1,2032
2938,59,1,2032
2939,60,1,2032
2940,1,2,2032
2941,2,2,2032
2942,3,2,2032
2943,4,2,2032
2944,5,2,2032
2945,6,2,2032
2946,7,2,2032
2947,8,2,2032
2948,9,2,2032
2949,10,2,2032
2950,11,2,2032
2951,12,2,2032
2952,13,2,2032
2953,14,2,2032
2954,15,2,2032
2955,16,2,2032
2956,17,2,2032
2957,18,2,2032
2958,19,2,2032
2959,20,2,2032
2960,21,2,2032
2961,22,2,2032
2962,23,2,2032
2963,24,2,2032
2964,25,2,2032
2965,26,2,2032
2966,27,2,2032
2967,28,2,2032
2968,29,2,2032
2969,30,2,2032
2970,31,2,2032
2971,32,2,2032
2972,33,2,2032
2973,34,2,2032
2974,35,2,2032
2975,36,2,2032
2976,37,2,2032
2977,38,2,2032
2978,39,2,2032
2979,40,2,2032
2980,41,2,2032
2981,42,2,2032
2982,43,2,2032
2983,44,2,2032
2984,45,2,2032
2985,46,2,2032
2986,47,2,2032
2987,48,2,2032
2988,49,2,2032
2989,50,2,2032
2990,51,2,2032
2991,52,2,2032
2992,53,2,2032
2993,54,2,2032
2994,55,2,2032
2995,56,2,2032
2996,57,2,2032
2997,58,2,2032
2998,59,2,2032
2999,60,2,2032
3000,1,3,2032
3001,2,3,2032
3002,3,3,2032
3003,4,3,2032
3004,5,3,2032
3005,6,3,2032
3006,7,3,2032
3007,8,3,2032
3008,9,3,2032
3009,10,3,2032
3010,11,3,2032
3011,12,3,2032
3012,13,3,2032
3013,14,3,2032
3014,15,3,2032
3015,16,3,2032
3016,17,3,2032
3017,18,3,2032
3018,19,3,2032
3019,20,3,2032
3020,21,3,2032
3021,22,3,2032
3022,23,3,2032
3023,24,3,2032
3024,25,3,2032
3025,26,3,2032
3026,27,3,2032
3027,28,3,2032
3028,29,3,2032
3029,30,3,2032
3030,31,3,2032
3031,32,3,2032
3032,33,3,2032
3033,34,3,2032
3034,35,3,2032
3035,36,3,2032
3036,37,3,2032
3037,38,3,2032
3038,39,3,2032
3039,40,3,2032
3040,41,3,2032
3041,42,3,2032
3042,43,3,2032
3043,44,3,2032
3044,45,3,2032
3045,46,3,2032
3046,47,3,2032
3047,48,3,2032
3048,49,3,2032
3049,50,3,2032
3050,51,3,2032
3051,52,3,2032
3052,53,3,2032
3053,54,3,2032
3054,55,3,2032
3055,56,3,2032
3056,57,3,2032
3057,58,3,2032
3058,59,3,2032
3059,60,3,2032
3060,1,1,2033
3061,2,1,2033
3062,3,1,2033
3063,4,1,2033
3064,5,1,2033
3065,6,1,2033
3066,7,1,2033
3067,8,1,2033
3068,9,1,2033
3069,10,1,2033
3070,11,1,2033
3071,12,1,2033
3072,13,1,2033
3073,14,1,2033
3074,15,1,2033
3075,16,1,2033
3076,17,1,2033
3077,18,1,2033
3078,19,1,2033
3079,20,1,2033
3080,21,1,2033
3081,22,1,2033
3082,23,1,2033
3083,24,1,2033
3084,25,1,2033
3085,26,1,2033
3086,27,1,2033
3087,28,1,2033
3088,29,1,2033
3089,30,1,2033
3090,31,1,2033
3091,32,1,2033
3092,33,1,2033
3093,34,1,2033
3094,35,1,2033
3095,36,1,2033
3096,37,1,2033
3097,38,1,2033
3098,39,1,2033
3099,40,1,2033
3100,41,1,2033
3101,42,1,2033
3102,43,1,2033
3103,44,1,2033
3104,45,1,2033
3105,46,1,2033
3106,47,1,2033
3107,48,1,2033
3108,49,1,2033
3109,50,1,2033
3110,51,1,2033
3111,52,1,2033
3112,53,1,2033
3113,54,1,2033
3114,55,1,2033
3115,56,1,2033
3116,57,1,2033
3117,58,1,2033
3118,59,1,2033
3119,60,1,2033
3120,1,2,2033
3121,2,2,2033
3122,3,2,2033
3123,4,2,2033
3124,5,2,2033
3125,6,2,2033
3126,7,2,2033
3127,8,2,2033
3128,9,2,2033
3129,10,2,2033
3130,11,2,2033
3131,12,2,2033
3132,13,2,2033
3133,14,2,2033
3134,15,2,2033
3135,16,2,2033
3136,17,2,2033
3137,18,2,2033
3138,19,2,2033
3139,20,2,2033
3140,21,2,2033
3141,22,2,2033
3142,23,2,2033
3143,24,2,2033
3144,25,2,2033
3145,26,2,2033
3146,27,2,2033
3147,28,2,2033
3148,29,2,2033
3149,30,2,2033
3150,31,2,2033
3151,32,2,2033
3152,33,2,2033
3153,34,2,2033
3154,35,2,2033
3155,36,2,2033
3156,37,2,2033
3157,38,2,2033
3158,39,2,2033
3159,40,2,2033
3160,41,2,2033
3161,42,2,2033
3162,43,2,2033
3163,44,2,2033
3164,45,2,2033
3165,46,2,2033
3166,47,2,2033
3167,48,2,2033
3168,49,2,2033
3169,50,2,2033
3170,51,2,2033
3171,52,2,2033
3172,53,2,2033
3173,54,2,2033
3174,55,2,2033
3175,56,2,2033
3176,57,2,2033
3177,58,2,2033
3178,59,2,2033
3179,60,2,2033
3180,1,3,2033
3181,2,3,2033
3182,3,3,2033
3183,4,3,2033
3184,5,3,2033
3185,6,3,2033
3186,7,3,2033
3187,8,3,2033
3188,9,3,2033
3189,10,3,2033
3190,11,3,2033
3191,12,3,2033
3192,13,3,2033
3193,14,3,2033
3194,15,3,2033
3195,16,3,2033
3196,17,3,2033
3197,18,3,2033
3198,19,3,2033
3199,20,3,2033
3200,21,3,2033
3201,22,3,2033
3202,23,3,2033
3203,24,3,2033
3204,25,3,2033
3205,26,3,2033
3206,27,3,2033
3207,28,3,2033
3208,29,3,2033
3209,30,3,2033
3210,31,3,2033
3211,32,3,2033
3212,33,3,2033
3213,34,3,2033
3214,35,3,2033
3215,36,3,2033
3216,37,3,2033
3217,38,3,2033
3218,39,3,2033
3219,40,3,2033
3220,41,3,2033
3221,42,3,2033
3222,43,3,2033
3223,44,3,2033
3224,45,3,2033
3225,46,3,2033
3226,47,3,2033
3227,48,3,2033
3228,49,3,2033
3229,50,3,2033
3230,51,3,2033
3231,52,3,2033
3232,53,3,2033
3233,54,3,2033
3234,55,3,2033
3235,56,3,2033
3236,57,3,2033
3237,58,3,2033
3238,59,3,2033
3239,60,3,2033
3240,1,1,2034
3241,2,1,2034
3242,3,1,2034
3243,4,1,2034
3244,5,1,2034
3245,6,1,2034
3246,7,1,2034
3247,8,1,2034
3248,9,1,2034
3249,10,1,2034
3250,11,1,2034
3251,12,1,2034
3252,13,1,2034
3253,14,1,2034
3254,15,1,2034
3255,16,1,2034
3256,17,1,2034
3257,18,1,2034
3258,19,1,2034
3259,20,1,2034
3260,21,1,2034
3261,22,1,2034
3262,23,1,2034
3263,24,1,2034
3264,25,1,2034
3265,26,1,2034
3266,27,1,2034
3267,28,1,2034
3268,29,1,2034
3269,30,1,2034
3270,31,1,2034
3271,32,1,2034
3272,33,1,2034
3273,34,1,2034
3274,35,1,2034
3275,36,1,2034
3276,37,1,2034
3277,38,1,2034
3278,39,1,2034
3279,40,1,2034
3280,41,1,2034
3281,42,1,2034
3282,43,1,2034
3283,44,1,2034
3284,45,1,2034
3285,46,1,2034
3286,47,1,2034
3287,48,1,2034
3288,49,1,2034
3289,50,1,2034
3290,51,1,2034
3291,52,1,2034
3292,53,1,2034
3293,54,1,2034
3294,55,1,2034
3295,56,1,2034
3296,57,1,2034
3297,58,1,2034
3298,59,1,2034
3299,60,1,2034
3300,1,2,2034
3301,2,2,2034
3302,3,2,2034
3303,4,2,2034
3304,5,2,2034
3305,6,2,2034
3306,7,2,2034
3307,8,2,2034
3308,9,2,2034
3309,10,2,2034
3310,11,2,2034
3311,12,2,2034
3312,13,2,2034
3313,14,2,2034
3314,15,2,2034
3315,16,2,2034
3316,17,2,2034
3317,18,2,2034
3318,19,2,2034
3319,20,2,2034
3320,21,2,2034
3321,22,2,2034
3322,23,2,2034
3323,24,2,2034
3324,25,2,2034
3325,26,2,2034
3326,27,2,2034
3327,28,2,2034
3328,29,2,2034
3329,30,2,2034
3330,31,2,2034
3331,32,2,2034
3332,33,2,2034
3333,34,2,2034
3334,35,2,2034
3335,36,2,2034
3336,37,2,2034
3337,38,2,2034
3338,39,2,2034
3339,40,2,2034
3340,41,2,2034
3341,42,2,2034
3342,43,2,2034
3343,44,2,2034
3344,45,2,2034
3345,46,2,2034
3346,47,2,2034
3347,48,2,2034
3348,49,2,2034
3349,50,2,2034
3350,51,2,2034
3351,52,2,2034
3352,53,2,2034
3353,54,2,2034
3354,55,2,2034
3355,56,2,2034
3356,57,2,2034
3357,58,2,2034
3358,59,2,2034
3359,60,2,2034
3360,1,3,2034
3361,2,3,2034
3362,3,3,2034
3363,4,3,2034
3364,5,3,2034
3365,6,3,2034
3366,7,3,2034
3367,8,3,2034
3368,9,3,2034
3369,10,3,2034
3370,11,3,2034
3371,12,3,2034
3372,13,3,2034
3373,14,3,2034
3374,15,3,2034
3375,16,3,2034
3376,17,3,2034
3377,18,3,2034
3378,19,3,2034
3379,20,3,2034
3380,21,3,2034
3381,22,3,2034
3382,23,3,2034
3383,24,3,2034
3384,25,3,2034
3385,26,3,2034
3386,27,3,2034
3387,28,3,2034
3388,29,3,2034
3389,30,3,2034
3390,31,3,2034
3391,32,3,2034
3392,33,3,2034
3393,34,3,2034
3394,35,3,2034
3395,36,3,2034
3396,37,3,2034
3397,38,3,2034
3398,39,3,2034
3399,40,3,2034
3400,41,3,2034
3401,42,3,2034
3402,43,3,2034
3403,44,3,2034
3404,45,3,2034
3405,46,3,2034
3406,47,3,2034
3407,48,3,2034
3408,49,3,2034
3409,50,3,2034
3410,51,3,2034
3411,52,3,2034
3412,53,3,2034
3413,54,3,2034
3414,55,3,2034
3415,56,3,2034
3416,57,3,2034
3417,58,3,2034
3418,59,3,2034
3419,60,3,2034
3420,1,1,2035
3421,2,1,2035
3422,3,1,2035
3423,4,1,2035
3424,5,1,2035
3425,6,1,2035
3426,7,1,2035
3427,8,1,2035
3428,9,1,2035
3429,10,1,2035
3430,11,1,2035
3431,12,1,2035
3432,13,1,2035
3433,14,1,2035
3434,15,1,2035
3435,16,1,2035
3436,17,1,2035
3437,18,1,2035
3438,19,1,2035
3439,20,1,2035
3440,21,1,2035
3441,22,1,2035
3442,23,1,2035
3443,24,1,2035
3444,25,1,2035
3445,26,1,2035
3446,27,1,2035
3447,28,1,2035
3448,29,1,2035
3449,30,1,2035
3450,31,1,2035
3451,32,1,2035
3452,33,1,2035
3453,34,1,2035
3454,35,1,2035
3455,36,1,2035
3456,37,1,2035
3457,38,1,2035
3458,39,1,2035
3459,40,1,2035
3460,41,1,2035
3461,42,1,2035
3462,43,1,2035
3463,44,1,2035
3464,45,1,2035
3465,46,1,2035
3466,47,1,2035
3467,48,1,2035
3468,49,1,2035
3469,50,1,2035
3470,51,1,2035
3471,52,1,2035
3472,53,1,2035
3473,54,1,2035
3474,55,1,2035
3475,56,1,2035
3476,57,1,2035
3477,58,1,2035
3478,59,1,2035
3479,60,1,2035
3480,1,2,2035
3481,2,2,2035
3482,3,2,2035
3483,4,2,2035
3484,5,2,2035
3485,6,2,2035
3486,7,2,2035
3487,8,2,2035
3488,9,2,2035
3489,10,2,2035
3490,11,2,2035
3491,12,2,2035
3492,13,2,2035
3493,14,2,2035
3494,15,2,2035
3495,16,2,2035
3496,17,2,2035
3497,18,2,2035
3498,19,2,2035
3499,20,2,2035
3500,21,2,2035
3501,22,2,2035
3502,23,2,2035
3503,24,2,2035
3504,25,2,2035
3505,26,2,2035
3506,27,2,2035
3507,28,2,2035
3508,29,2,2035
3509,30,2,2035
3510,31,2,2035
3511,32,2,2035
3512,33,2,2035
3513,34,2,2035
3514,35,2,2035
3515,36,2,2035
3516,37,2,2035
3517,38,2,2035
3518,39,2,2035
3519,40,2,2035
3520,41,2,2035
3521,42,2,2035
3522,43,2,2035
3523,44,2,2035
3524,45,2,2035
3525,46,2,2035
3526,47,2,2035
3527,48,2,2035
3528,49,2,2035
3529,50,2,2035
3530,51,2,2035
3531,52,2,2035
3532,53,2,2035
3533,54,2,2035
3534,55,2,2035
3535,56,2,2035
3536,57,2,2035
3537,58,2,2035
3538,59,2,2035
3539,60,2,2035
3540,1,3,2035
3541,2,3,2035
3542,3,3,2035
3543,4,3,2035
3544,5,3,2035
3545,6,3,2035
3546,7,3,2035
3547,8,3,2035
3548,9,3,2035
3549,10,3,2035
3550,11,3,2035
3551,12,3,2035
3552,13,3,2035
3553,14,3,2035
3554,15,3,2035
3555,16,3,2035
3556,17,3,2035
3557,18,3,2035
3558,19,3,2035
3559,20,3,2035
3560,21,3,2035
3561,22,3,2035
3562,23,3,2035
3563,24,3,2035
3564,25,3,2035
3565,26,3,2035
3566,27,3,2035
3567,28,3,2035
3568,29,3,2035
3569,30,3,2035
3570,31,3,2035
3571,32,3,2035
3572,33,3,2035
3573,34,3,2035
3574,35,3,2035
3575,36,3,2035
3576,37,3,2035
3577,38,3,2035
3578,39,3,2035
3579,40,3,2035
3580,41,3,2035
3581,42,3,2035
3582,43,3,2035
3583,44,3,2035
3584,45,3,2035
3585,46,3,2035
3586,47,3,2035
3587,48,3,2035
3588,49,3,2035
3589,50,3,2035
3590,51,3,2035
3591,52,3,2035
3592,53,3,2035
3593,54,3,2035
3594,55,3,2035
3595,56,3,2035
3596,57,3,2035
3597,58,3,2035
3598,59,3,2035
3599,60,3,2035
3600,1,1,2036
3601,2,1,2036
3602,3,1,2036
3603,4,1,2036
3604,5,1,2036
3605,6,1,2036
3606,7,1,2036
3607,8,1,2036
3608,9,1,2036
3609,10,1,2036
3610,11,1,2036
3611,12,1,2036
3612,13,1,2036
3613,14,1,2036
3614,15,1,2036
3615,16,1,2036
3616,17,1,2036
3617,18,1,2036
3618,19,1,2036
3619,20,1,2036
3620,21,1,2036
3621,22,1,2036
3622,23,1,2036
3623,24,1,2036
3624,25,1,2036
3625,26,1,2036
3626,27,1,2036
3627,28,1,2036
3628,29,1,2036
3629,30,1,2036
3630,31,1,2036
3631,32,1,2036
3632,33,1,2036
3633,34,1,2036
3634,35,1,2036
3635,36,1,2036
3636,37,1,2036
3637,38,1,2036
3638,39,1,2036
3639,40,1,2036
3640,41,1,2036
3641,42,1,2036
3642,43,1,2036
3643,44,1,2036
3644,45,1,2036
3645,46,1,2036
3646,47,1,2036
3647,48,1,2036
3648,49,1,2036
3649,50,1,2036
3650,51,1,2036
3651,52,1,2036
3652,53,1,2036
3653,54,1,2036
3654,55,1,2036
3655,56,1,2036
3656,57,1,2036
3657,58,1,2036
3658,59,1,2036
3659,60,1,2036
3660,1,2,2036
3661,2,2,2036
3662,3,2,2036
3663,4,2,2036
3664,5,2,2036
3665,6,2,2036
3666,7,2,2036
3667,8,2,2036
3668,9,2,2036
3669,10,2,2036
3670,11,2,2036
3671,12,2,2036
3672,13,2,2036
3673,14,2,2036
3674,15,2,2036
3675,16,2,2036
3676,17,2,2036
3677,18,2,2036
3678,19,2,2036
3679,20,2,2036
3680,21,2,2036
3681,22,2,2036
3682,23,2,2036
3683,24,2,2036
3684,25,2,2036
3685,26,2,2036
3686,27,2,2036
3687,28,2,2036
3688,29,2,2036
3689,30,2,2036
3690,31,2,2036
3691,32,2,2036
3692,33,2,2036
3693,34,2,2036
3694,35,2,2036
3695,36,2,2036
3696,37,2,2036
3697,38,2,2036
3698,39,2,2036
3699,40,2,2036
3700,41,2,2036
3701,42,2,2036
3702,43,2,2036
3703,44,2,2036
3704,45,2,2036
3705,46,2,2036
3706,47,2,2036
3707,48,2,2036
3708,49,2,2036
3709,50,2,2036
3710,51,2,2036
3711,52,2,2036
3712,53,2,2036
3713,54,2,2036
3714,55,2,2036
3715,56,2,2036
3716,57,2,2036
3717,58,2,2036
3718,59,2,2036
3719,60,2,2036
3720,1,3,2036
3721,2,3,2036
3722,3,3,2036
3723,4,3,2036
3724,5,3,2036
3725,6,3,2036
3726,7,3,2036
3727,8,3,2036
3728,9,3,2036
3729,10,3,2036
3730,11,3,2036
3731,12,3,2036
3732,13,3,2036
3733,14,3,2036
3734,15,3,2036
3735,16,3,2036
3736,17,3,2036
3737,18,3,2036
3738,19,3,2036
3739,20,3,2036
3740,21,3,2036
3741,22,3,2036
3742,23,3,2036
3743,24,3,2036
3744,25,3,2036
3745,26,3,2036
3746,27,3,2036
3747,28,3,2036
3748,29,3,2036
3749,30,3,2036
3750,31,3,2036
3751,32,3,2036
3752,33,3,2036
3753,34,3,2036
3754,35,3,2036
3755,36,3,2036
3756,37,3,2036
3757,38,3,2036
3758,39,3,2036
3759,40,3,2036
3760,41,3,2036
3761,42,3,2036
3762,43,3,2036
3763,44,3,2036
3764,45,3,2036
3765,46,3,2036
3766,47,3,2036
3767,48,3,2036
3768,49,3,2036
3769,50,3,2036
3770,51,3,2036
3771,52,3,2036
3772,53,3,2036
3773,54,3,2036
3774,55,3,2036
3775,56,3,2036
3776,57,3,2036
3777,58,3,2036
3778,59,3,2036
3779,60,3,2036
3780,1,1,2037
3781,2,1,2037
3782,3,1,2037
3783,4,1,2037
3784,5,1,2037
3785,6,1,2037
3786,7,1,2037
3787,8,1,2037
3788,9,1,2037
3789,10,1,2037
3790,11,1,2037
3791,12,1,2037
3792,13,1,2037
3793,14,1,2037
3794,15,1,2037
3795,16,1,2037
3796,17,1,2037
3797,18,1,2037
3798,19,1,2037
3799,20,1,2037
3800,21,1,2037
3801,22,1,2037
3802,23,1,2037
3803,24,1,2037
3804,25,1,2037
3805,26,1,2037
3806,27,1,2037
3807,28,1,2037
3808,29,1,2037
3809,30,1,2037
3810,31,1,2037
3811,32,1,2037
3812,33,1,2037
3813,34,1,2037
3814,35,1,2037
3815,36,1,2037
3816,37,1,2037
3817,38,1,2037
3818,39,1,2037
3819,40,1,2037
3820,41,1,2037
3821,42,1,2037
3822,43,1,2037
3823,44,1,2037
3824,45,1,2037
3825,46,1,2037
3826,47,1,2037
3827,48,1,2037
3828,49,1,2037
3829,50,1,2037
3830,51,1,2037
3831,52,1,2037
3832,53,1,2037
3833,54,1,2037
3834,55,1,2037
3835,56,1,2037
3836,57,1,2037
3837,58,1,2037
3838,59,1,2037
3839,60,1,2037
3840,1,2,2037
3841,2,2,2037
3842,3,2,2037
3843,4,2,2037
3844,5,2,2037
3845,6,2,2037
3846,7,2,2037
3847,8,2,2037
3848,9,2,2037
3849,10,2,2037
3850,11,2,2037
3851,12,2,2037
3852,13,2,2037
3853,14,2,2037
3854,15,2,2037
3855,16,2,2037
3856,17,2,2037
3857,18,2,2037
3858,19,2,2037
3859,20,2,2037
3860,21,2,2037
3861,22,2,2037
3862,23,2,2037
3863,24,2,2037
3864,25,2,2037
3865,26,2,2037
3866,27,2,2037
3867,28,2,2037
3868,29,2,2037
3869,30,2,2037
3870,31,2,2037
3871,32,2,2037
3872,33,2,2037
3873,34,2,2037
3874,35,2,2037
3875,36,2,2037
3876,37,2,2037
3877,38,2,2037
3878,39,2,2037
3879,40,2,2037
3880,41,2,2037
3881,42,2,2037
3882,43,2,2037
3883,44,2,2037
3884,45,2,2037
3885,46,2,2037
3886,47,2,2037
3887,48,2,2037
3888,49,2,2037
3889,50,2,2037
3890,51,2,2037
3891,52,2,2037
3892,53,2,2037
3893,54,2,2037
3894,55,2,2037
3895,56,2,2037
3896,57,2,2037
3897,58,2,2037
3898,59,2,2037
3899,60,2,2037
3900,1,3,2037
3901,2,3,2037
3902,3,3,2037
3903,4,3,2037
3904,5,3,2037
3905,6,3,2037
3906,7,3,2037
3907,8,3,2037
3908,9,3,2037
3909,10,3,2037
3910,11,3,2037
3911,12,3,2037
3912,13,3,2037
3913,14,3,2037
3914,15,3,2037
3915,16,3,2037
3916,17,3,2037
3917,18,3,2037
3918,19,3,2037
3919,20,3,2037
3920,21,3,2037
3921,22,3,2037
3922,23,3,2037
3923,24,3,2037
3924,25,3,2037
3925,26,3,2037
3926,27,3,2037
3927,28,3,2037
3928,29,3,2037
3929,30,3,2037
3930,31,3,2037
3931,32,3,2037
3932,33,3,2037
3933,34,3,2037
3934,35,3,2037
3935,36,3,2037
3936,37,3,2037
3937,38,3,2037
3938,39,3,2037
3939,40,3,2037
3940,41,3,2037
3941,42,3,2037
3942,43,3,2037
3943,44,3,2037
3944,45,3,2037
3945,46,3,2037
3946,47,3,2037
3947,48,3,2037
3948,49,3,2037
3949,50,3,2037
3950,51,3,2037
3951,52,3,2037
3952,53,3,2037
3953,54,3,2037
3954,55,3,2037
3955,56,3,2037
3956,57,3,2037
3957,58,3,2037
3958,59,3,2037
3959,60,3,2037
3960,1,1,2038
3961,2,1,2038
3962,3,1,2038
3963,4,1,2038
3964,5,1,2038
3965,6,1,2038
3966,7,1,2038
3967,8,1,2038
3968,9,1,2038
3969,10,1,2038
3970,11,1,2038
3971,12,1,2038
3972,13,1,2038
3973,14,1,2038
3974,15,1,2038
3975,16,1,2038
3976,17,1,2038
3977,18,1,2038
3978,19,1,2038
3979,20,1,2038
3980,21,1,2038
3981,22,1,2038
3982,23,1,2038
3983,24,1,2038
3984,25,1,2038
3985,26,1,2038
3986,27,1,2038
3987,28,1,2038
3988,29,1,2038
3989,30,1,2038
3990,31,1,2038
3991,32,1,2038
3992,33,1,2038
3993,34,1,2038
3994,35,1,2038
3995,36,1,2038
3996,37,1,2038
3997,38,1,2038
3998,39,1,2038
3999,40,1,2038
4000,41,1,2038
4001,42,1,2038
4002,43,1,2038
4003,44,1,2038
4004,45,1,2038
4005,46,1,2038
4006,47,1,2038
4007,48,1,2038
4008,49,1,2038
4009,50,1,2038
4010,51,1,2038
4011,52,1,2038
4012,53,1,2038
4013,54,1,2038
4014,55,1,2038
4015,56,1,2038
4016,57,1,2038
4017,58,1,2038
4018,59,1,2038
4019,60,1,2038
4020,1,2,2038
4021,2,2,2038
4022,3,2,2038
4023,4,2,2038
4024,5,2,2038
4025,6,2,2038
4026,7,2,2038
4027,8,2,2038
4028,9,2,2038
4029,10,2,2038
4030,11,2,2038
4031,12,2,2038
4032,13,2,2038
4033,14,2,2038
4034,15,2,2038
4035,16,2,2038
4036,17,2,2038
4037,18,2,2038
4038,19,2,2038
4039,20,2,2038
4040,21,2,2038
4041,22,2,2038
4042,23,2,2038
4043,24,2,2038
4044,25,2,2038
4045,26,2,2038
4046,27,2,2038
4047,28,2,2038
4048,29,2,2038
4049,30,2,2038
4050,31,2,2038
4051,32,2,2038
4052,33,2,2038
4053,34,2,2038
4054,35,2,2038
4055,36,2,2038
4056,37,2,2038
4057,38,2,2038
4058,39,2,2038
4059,40,2,2038
4060,41,2,2038
4061,42,2,2038
4062,43,2,2038
4063,44,2,2038
4064,45,2,2038
4065,46,2,2038
4066,47,2,2038
4067,48,2,2038
4068,49,2,2038
4069,50,2,2038
4070,51,2,2038
4071,52,2,2038
4072,53,2,2038
4073,54,2,2038
4074,55,2,2038
4075,56,2,2038
4076,57,2,2038
4077,58,2,2038
4078,59,2,2038
4079,60,2,2038
4080,1,3,2038
4081,2,3,2038
4082,3,3,2038
4083,4,3,2038
4084,5,3,2038
4085,6,3,2038
4086,7,3,2038
4087,8,3,2038
4088,9,3,2038
4089,10,3,2038
4090,11,3,2038
4091,12,3,2038
4092,13,3,2038
4093,14,3,2038
4094,15,3,2038
4095,16,3,2038
4096,17,3,2038
4097,18,3,2038
4098,19,3,2038
4099,20,3,2038
4100,21,3,2038
4101,22,3,2038
4102,23,3,2038
4103,24,3,2038
4104,25,3,2038
4105,26,3,2038
4106,27,3,2038
4107,28,3,2038
4108,29,3,2038
4109,30,3,2038
4110,31,3,2038
4111,32,3,2038
4112,33,3,2038
4113,34,3,2038
4114,35,3,2038
4115,36,3,2038
4116,37,3,2038
4117,38,3,2038
4118,39,3,2038
4119,40,3,2038
4120,41,3,2038
4121,42,3,2038
4122,43,3,2038
4123,44,3,2038
4124,45,3,2038
4125,46,3,2038
4126,47,3,2038
4127,48,3,2038
4128,49,3,2038
4129,50,3,2038
4130,51,3,2038
4131,52,3,2038
4132,53,3,2038
4133,54,3,2038
4134,55,3,2038
4135,56,3,2038
4136,57,3,2038
4137,58,3,2038
4138,59,3,2038
4139,60,3,2038
4140,1,1,2039
4141,2,1,2039
4142,3,1,2039
4143,4,1,2039
4144,5,1,2039
4145,6,1,2039
4146,7,1,2039
4147,8,1,2039
4148,9,1,2039
4149,10,1,2039
4150,11,1,2039
4151,12,1,2039
4152,13,1,2039
4153,14,1,2039
4154,15,1,2039
4155,16,1,2039
4156,17,1,2039
4157,18,1,2039
4158,19,1,2039
4159,20,1,2039
4160,21,1,2039
4161,22,1,2039
4162,23,1,2039
4163,24,1,2039
4164,25,1,2039
4165,26,1,2039
4166,27,1,2039
4167,28,1,2039
4168,29,1,2039
4169,30,1,2039
4170,31,1,2039
4171,32,1,2039
4172,33,1,2039
4173,34,1,2039
4174,35,1,2039
4175,36,1,2039
4176,37,1,2039
4177,38,1,2039
4178,39,1,2039
4179,40,1,2039
4180,41,1,2039
4181,42,1,2039
4182,43,1,2039
4183,44,1,2039
4184,45,1,2039
4185,46,1,2039
4186,47,1,2039
4187,48,1,2039
4188,49,1,2039
4189,50,1,2039
4190,51,1,2039
4191,52,1,2039
4192,53,1,2039
4193,54,1,2039
4194,55,1,2039
4195,56,1,2039
4196,57,1,2039
4197,58,1,2039
4198,59,1,2039
4199,60,1,2039
4200,1,2,2039
4201,2,2,2039
4202,3,2,2039
4203,4,2,2039
4204,5,2,2039
4205,6,2,2039
4206,7,2,2039
4207,8,2,2039
4208,9,2,2039
4209,10,2,2039
4210,11,2,2039
4211,12,2,2039
4212,13,2,2039
4213,14,2,2039
4214,15,2,2039
4215,16,2,2039
4216,17,2,2039
4217,18,2,2039
4218,19,2,2039
4219,20,2,2039
4220,21,2,2039
4221,22,2,2039
4222,23,2,2039
4223,24,2,2039
4224,25,2,2039
4225,26,2,2039
4226,27,2,2039
4227,28,2,2039
4228,29,2,2039
4229,30,2,2039
4230,31,2,2039
4231,32,2,2039
4232,33,2,2039
4233,34,2,2039
4234,35,2,2039
4235,36,2,2039
4236,37,2,2039
4237,38,2,2039
4238,39,2,2039
4239,40,2,2039
4240,41,2,2039
4241,42,2,2039
4242,43,2,2039
4243,44,2,2039
4244,45,2,2039
4245,46,2,2039
4246,47,2,2039
4247,48,2,2039
4248,49,2,2039
4249,50,2,2039
4250,51,2,2039
4251,52,2,2039
4252,53,2,2039
4253,54,2,2039
4254,55,2,2039
4255,56,2,2039
4256,57,2,2039
4257,58,2,2039
4258,59,2,2039
4259,60,2,2039
4260,1,3,2039
4261,2,3,2039
4262,3,3,2039
4263,4,3,2039
4264,5,3,2039
4265,6,3,2039
4266,7,3,2039
4267,8,3,2039
4268,9,3,2039
4269,10,3,2039
4270,11,3,2039
4271,12,3,2039
4272,13,3,2039
4273,14,3,2039
4274,15,3,2039
4275,16,3,2039
4276,17,3,2039
4277,18,3,2039
4278,19,3,2039
4279,20,3,2039
4280,21,3,2039
4281,22,3,2039
4282,23,3,2039
4283,24,3,2039
4284,25,3,2039
4285,26,3,2039
4286,27,3,2039
4287,28,3,2039
4288,29,3,2039
4289,30,3,2039
4290,31,3,2039
4291,32,3,2039
4292,33,3,2039
4293,34,3,2039
4294,35,3,2039
4295,36,3,2039
4296,37,3,2039
4297,38,3,2039
4298,39,3,2039
4299,40,3,2039
4300,41,3,2039
4301,42,3,2039
4302,43,3,2039
4303,44,3,2039
4304,45,3,2039
4305,46,3,2039
4306,47,3,2039
4307,48,3,2039
4308,49,3,2039
4309,50,3,2039
4310,51,3,2039
4311,52,3,2039
4312,53,3,2039
4313,54,3,2039
4314,55,3,2039
4315,56,3,2039
4316,57,3,2039
4317,58,3,2039
4318,59,3,2039
4319,60,3,2039
4320,1,1,2040
4321,2,1,2040
4322,3,1,2040
4323,4,1,2040
4324,5,1,2040
4325,6,1,2040
4326,7,1,2040
4327,8,1,2040
4328,9,1,2040
4329,10,1,2040
4330,11,1,2040
4331,12,1,2040
4332,13,1,2040
4333,14,1,2040
4334,15,1,2040
4335,16,1,2040
4336,17,1,2040
4337,18,1,2040
4338,19,1,2040
4339,20,1,2040
4340,21,1,2040
4341,22,1,2040
4342,23,1,2040
4343,24,1,2040
4344,25,1,2040
4345,26,1,2040
4346,27,1,2040
4347,28,1,2040
4348,29,1,2040
4349,30,1,2040
4350,31,1,2040
4351,32,1,2040
4352,33,1,2040
4353,34,1,2040
4354,35,1,2040
4355,36,1,2040
4356,37,1,2040
4357,38,1,2040
4358,39,1,2040
4359,40,1,2040
4360,41,1,2040
4361,42,1,2040
4362,43,1,2040
4363,44,1,2040
4364,45,1,2040
4365,46,1,2040
4366,47,1,2040
4367,48,1,2040
4368,49,1,2040
4369,50,1,2040
4370,51,1,2040
4371,52,1,2040
4372,53,1,2040
4373,54,1,2040
4374,55,1,2040
4375,56,1,2040
4376,57,1,2040
4377,58,1,2040
4378,59,1,2040
4379,60,1,2040
4380,1,2,2040
4381,2,2,2040
4382,3,2,2040
4383,4,2,2040
4384,5,2,2040
4385,6,2,2040
4386,7,2,2040
4387,8,2,2040
4388,9,2,2040
4389,10,2,2040
4390,11,2,2040
4391,12,2,2040
4392,13,2,2040
4393,14,2,2040
4394,15,2,2040
4395,16,2,2040
4396,17,2,2040
4397,18,2,2040
4398,19,2,2040
4399,20,2,2040
4400,21,2,2040
4401,22,2,2040
4402,23,2,2040
4403,24,2,2040
4404,25,2,2040
4405,26,2,2040
4406,27,2,2040
4407,28,2,2040
4408,29,2,2040
4409,30,2,2040
4410,31,2,2040
4411,32,2,2040
4412,33,2,2040
4413,34,2,2040
4414,35,2,2040
4415,36,2,2040
4416,37,2,2040
4417,38,2,2040
4418,39,2,2040
4419,40,2,2040
4420,41,2,2040
4421,42,2,2040
4422,43,2,2040
4423,44,2,2040
4424,45,2,2040
4425,46,2,2040
4426,47,2,2040
4427,48,2,2040
4428,49,2,2040
4429,50,2,2040
4430,51,2,2040
4431,52,2,2040
4432,53,2,2040
4433,54,2,2040
4434,55,2,2040
4435,56,2,2040
4436,57,2,2040
4437,58,2,2040
4438,59,2,2040
4439,60,2,2040
4440,1,3,2040
4441,2,3,2040
4442,3,3,2040
4443,4,3,2040
4444,5,3,2040
4445,6,3,2040
4446,7,3,2040
4447,8,3,2040
4448,9,3,2040
4449,10,3,2040
4450,11,3,2040
4451,12,3,2040
4452,13,3,2040
4453,14,3,2040
4454,15,3,2040
4455,16,3,2040
4456,17,3,2040
4457,18,3,2040
4458,19,3,2040
4459,20,3,2040
4460,21,3,2040
4461,22,3,2040
4462,23,3,2040
4463,24,3,2040
4464,25,3,2040
4465,26,3,2040
4466,27,3,2040
4467,28,3,2040
4468,29,3,2040
4469,30,3,2040
4470,31,3,2040
4471,32,3,2040
4472,33,3,2040
4473,34,3,2040
4474,35,3,2040
4475,36,3,2040
4476,37,3,2040
4477,38,3,2040
4478,39,3,2040
4479,40,3,2040
4480,41,3,2040
4481,42,3,2040
4482,43,3,2040
4483,44,3,2040
4484,45,3,2040
4485,46,3,2040
4486,47,3,2040
4487,48,3,2040
4488,49,3,2040
4489,50,3,2040
4490,51,3,2040
4491,52,3,2040
4492,53,3,2040
4493,54,3,2040
4494,55,3,2040
4495,56,3,2040
4496,57,3,2040
4497,58,3,2040
4498,59,3,2040
4499,60,3,2040
4500,1,1,2041
4501,2,1,2041
4502,3,1,2041
4503,4,1,2041
4504,5,1,2041
4505,6,1,2041
4506,7,1,2041
4507,8,1,2041
4508,9,1,2041
4509,10,1,2041
4510,11,1,2041
4511,12,1,2041
4512,13,1,2041
4513,14,1,2041
4514,15,1,2041
4515,16,1,2041
4516,17,1,2041
4517,18,1,2041
4518,19,1,2041
4519,20,1,2041
4520,21,1,2041
4521,22,1,2041
4522,23,1,2041
4523,24,1,2041
4524,25,1,2041
4525,26,1,2041
4526,27,1,2041
4527,28,1,2041
4528,29,1,2041
4529,30,1,2041
4530,31,1,2041
4531,32,1,2041
4532,33,1,2041
4533,34,1,2041
4534,35,1,2041
4535,36,1,2041
4536,37,1,2041
4537,38,1,2041
4538,39,1,2041
4539,40,1,2041
4540,41,1,2041
4541,42,1,2041
4542,43,1,2041
4543,44,1,2041
4544,45,1,2041
4545,46,1,2041
4546,47,1,2041
4547,48,1,2041
4548,49,1,2041
4549,50,1,2041
4550,51,1,2041
4551,52,1,2041
4552,53,1,2041
4553,54,1,2041
4554,55,1,2041
4555,56,1,2041
4556,57,1,2041
4557,58,1,2041
4558,59,1,2041
4559,60,1,2041
4560,1,2,2041
4561,2,2,2041
4562,3,2,2041
4563,4,2,2041
4564,5,2,2041
4565,6,2,2041
4566,7,2,2041
4567,8,2,2041
4568,9,2,2041
4569,10,2,2041
4570,11,2,2041
4571,12,2,2041
4572,13,2,2041
4573,14,2,2041
4574,15,2,2041
4575,16,2,2041
4576,17,2,2041
4577,18,2,2041
4578,19,2,2041
4579,20,2,2041
4580,21,2,2041
4581,22,2,2041
4582,23,2,2041
4583,24,2,2041
4584,25,2,2041
4585,26,2,2041
4586,27,2,2041
4587,28,2,2041
4588,29,2,2041
4589,30,2,2041
4590,31,2,2041
4591,32,2,2041
4592,33,2,2041
4593,34,2,2041
4594,35,2,2041
4595,36,2,2041
4596,37,2,2041
4597,38,2,2041
4598,39,2,2041
4599,40,2,2041
4600,41,2,2041
4601,42,2,2041
4602,43,2,2041
4603,44,2,2041
4604,45,2,2041
4605,46,2,2041
4606,47,2,2041
4607,48,2,2041
4608,49,2,2041
4609,50,2,2041
4610,51,2,2041
4611,52,2,2041
4612,53,2,2041
4613,54,2,2041
4614,55,2,2041
4615,56,2,2041
4616,57,2,2041
4617,58,2,2041
4618,59,2,2041
4619,60,2,2041
4620,1,3,2041
4621,2,3,2041
4622,3,3,2041
4623,4,3,2041
4624,5,3,2041
4625,6,3,2041
4626,7,3,2041
4627,8,3,2041
4628,9,3,2041
4629,10,3,2041
4630,11,3,2041
4631,12,3,2041
4632,13,3,2041
4633,14,3,2041
4634,15,3,2041
4635,16,3,2041
4636,17,3,2041
4637,18,3,2041
4638,19,3,2041
4639,20,3,2041
4640,21,3,2041
4641,22,3,2041
4642,23,3,2041
4643,24,3,2041
4644,25,3,2041
4645,26,3,2041
4646,27,3,2041
4647,28,3,2041
4648,29,3,2041
4649,30,3,2041
4650,31,3,2041
4651,32,3,2041
4652,33,3,2041
4653,34,3,2041
4654,35,3,2041
4655,36,3,2041
4656,37,3,2041
4657,38,3,2041
4658,39,3,2041
4659,40,3,2041
4660,41,3,2041
4661,42,3,2041
4662,43,3,2041
4663,44,3,2041
4664,45,3,2041
4665,46,3,2041
4666,47,3,2041
4667,48,3,2041
4668,49,3,2041
4669,50,3,2041
4670,51,3,2041
4671,52,3,2041
4672,53,3,2041
4673,54,3,2041
4674,55,3,2041
4675,56,3,2041
4676,57,3,2041
4677,58,3,2041
4678,59,3,2041
4679,60,3,2041
4680,1,1,2042
4681,2,1,2042
4682,3,1,2042
4683,4,1,2042
4684,5,1,2042
4685,6,1,2042
4686,7,1,2042
4687,8,1,2042
4688,9,1,2042
4689,10,1,2042
4690,11,1,2042
4691,12,1,2042
4692,13,1,2042
4693,14,1,2042
4694,15,1,2042
4695,16,1,2042
4696,17,1,2042
4697,18,1,2042
4698,19,1,2042
4699,20,1,2042
4700,21,1,2042
4701,22,1,2042
4702,23,1,2042
4703,24,1,2042
4704,25,1,2042
4705,26,1,2042
4706,27,1,2042
4707,28,1,2042
4708,29,1,2042
4709,30,1,2042
4710,31,1,2042
4711,32,1,2042
4712,33,1,2042
4713,34,1,2042
4714,35,1,2042
4715,36,1,2042
4716,37,1,2042
4717,38,1,2042
4718,39,1,2042
4719,40,1,2042
4720,41,1,2042
4721,42,1,2042
4722,43,1,2042
4723,44,1,2042
4724,45,1,2042
4725,46,1,2042
4726,47,1,2042
4727,48,1,2042
4728,49,1,2042
4729,50,1,2042
4730,51,1,2042
4731,52,1,2042
4732,53,1,2042
4733,54,1,2042
4734,55,1,2042
4735,56,1,2042
4736,57,1,2042
4737,58,1,2042
4738,59,1,2042
4739,60,1,2042
4740,1,2,2042
4741,2,2,2042
4742,3,2,2042
4743,4,2,2042
4744,5,2,2042
4745,6,2,2042
4746,7,2,2042
4747,8,2,2042
4748,9,2,2042
4749,10,2,2042
4750,11,2,2042
4751,12,2,2042
4752,13,2,2042
4753,14,2,2042
4754,15,2,2042
4755,16,2,2042
4756,17,2,2042
4757,18,2,2042
4758,19,2,2042
4759,20,2,2042
4760,21,2,2042
4761,22,2,2042
4762,23,2,2042
4763,24,2,2042
4764,25,2,2042
4765,26,2,2042
4766,27,2,2042
4767,28,2,2042
4768,29,2,2042
4769,30,2,2042
4770,31,2,2042
4771,32,2,2042
4772,33,2,2042
4773,34,2,2042
4774,35,2,2042
4775,36,2,2042
4776,37,2,2042
4777,38,2,2042
4778,39,2,2042
4779,40,2,2042
4780,41,2,2042
4781,42,2,2042
4782,43,2,2042
4783,44,2,2042
4784,45,2,2042
4785,46,2,2042
4786,47,2,2042
4787,48,2,2042
4788,49,2,2042
4789,50,2,2042
4790,51,2,2042
4791,52,2,2042
4792,53,2,2042
4793,54,2,2042
4794,55,2,2042
4795,56,2,2042
4796,57,2,2042
4797,58,2,2042
4798,59,2,2042
4799,60,2,2042
4800,1,3,2042
4801,2,3,2042
4802,3,3,2042
4803,4,3,2042
4804,5,3,2042
4805,6,3,2042
4806,7,3,2042
4807,8,3,2042
4808,9,3,2042
4809,10,3,2042
4810,11,3,2042
4811,12,3,2042
4812,13,3,2042
4813,14,3,2042
4814,15,3,2042
4815,16,3,2042
4816,17,3,2042
4817,18,3,2042
4818,19,3,2042
4819,20,3,2042
4820,21,3,2042
4821,22,3,2042
4822,23,3,2042
4823,24,3,2042
4824,25,3,2042
4825,26,3,2042
4826,27,3,2042
4827,28,3,2042
4828,29,3,2042
4829,30,3,2042
4830,31,3,2042
4831,32,3,2042
4832,33,3,2042
4833,34,3,2042
4834,35,3,2042
4835,36,3,2042
4836,37,3,2042
4837,38,3,2042
4838,39,3,2042
4839,40,3,2042
4840,41,3,2042
4841,42,3,2042
4842,43,3,2042
4843,44,3,2042
4844,45,3,2042
4845,46,3,2042
4846,47,3,2042
4847,48,3,2042
4848,49,3,2042
4849,50,3,2042
4850,51,3,2042
4851,52,3,2042
4852,53,3,2042
4853,54,3,2042
4854,55,3,2042
4855,56,3,2042
4856,57,3,2042
4857,58,3,2042
4858,59,3,2042
4859,60,3,2042
4860,1,1,2043
4861,2,1,2043
4862,3,1,2043
4863,4,1,2043
4864,5,1,2043
4865,6,1,2043
4866,7,1,2043
4867,8,1,2043
4868,9,1,2043
4869,10,1,2043
4870,11,1,2043
4871,12,1,2043
4872,13,1,2043
4873,14,1,2043
4874,15,1,2043
4875,16,1,2043
4876,17,1,2043
4877,18,1,2043
4878,19,1,2043
4879,20,1,2043
4880,21,1,2043
4881,22,1,2043
4882,23,1,2043
4883,24,1,2043
4884,25,1,2043
4885,26,1,2043
4886,27,1,2043
4887,28,1,2043
4888,29,1,2043
4889,30,1,2043
4890,31,1,2043
4891,32,1,2043
4892,33,1,2043
4893,34,1,2043
4894,35,1,2043
4895,36,1,2043
4896,37,1,2043
4897,38,1,2043
4898,39,1,2043
4899,40,1,2043
4900,41,1,2043
4901,42,1,2043
4902,43,1,2043
4903,44,1,2043
4904,45,1,2043
4905,46,1,2043
4906,47,1,2043
4907,48,1,2043
4908,49,1,2043
4909,50,1,2043
4910,51,1,2043
4911,52,1,2043
4912,53,1,2043
4913,54,1,2043
4914,55,1,2043
4915,56,1,2043
4916,57,1,2043
4917,58,1,2043
4918,59,1,2043
4919,60,1,2043
4920,1,2,2043
4921,2,2,2043
4922,3,2,2043
4923,4,2,2043
4924,5,2,2043
4925,6,2,2043
4926,7,2,2043
4927,8,2,2043
4928,9,2,2043
4929,10,2,2043
4930,11,2,2043
4931,12,2,2043
4932,13,2,2043
4933,14,2,2043
4934,15,2,2043
4935,16,2,2043
4936,17,2,2043
4937,18,2,2043
4938,19,2,2043
4939,20,2,2043
4940,21,2,2043
4941,22,2,2043
4942,23,2,2043
4943,24,2,2043
4944,25,2,2043
4945,26,2,2043
4946,27,2,2043
4947,28,2,2043
4948,29,2,2043
4949,30,2,2043
4950,31,2,2043
4951,32,2,2043
4952,33,2,2043
4953,34,2,2043
4954,35,2,2043
4955,36,2,2043
4956,37,2,2043
4957,38,2,2043
4958,39,2,2043
4959,40,2,2043
4960,41,2,2043
4961,42,2,2043
4962,43,2,2043
4963,44,2,2043
4964,45,2,2043
4965,46,2,2043
4966,47,2,2043
4967,48,2,2043
4968,49,2,2043
4969,50,2,2043
4970,51,2,2043
4971,52,2,2043
4972,53,2,2043
4973,54,2,2043
4974,55,2,2043
4975,56,2,2043
4976,57,2,2043
4977,58,2,2043
4978,59,2,2043
4979,60,2,2043
4980,1,3,2043
4981,2,3,2043
4982,3,3,2043
4983,4,3,2043
4984,5,3,2043
4985,6,3,2043
4986,7,3,2043
4987,8,3,2043
4988,9,3,2043
4989,10,3,2043
4990,11,3,2043
4991,12,3,2043
4992,13,3,2043
4993,14,3,2043
4994,15,3,2043
4995,16,3,2043
4996,17,3,2043
4997,18,3,2043
4998,19,3,2043
4999,20,3,2043
5000,21,3,2043
5001,22,3,2043
5002,23,3,2043
5003,24,3,2043
5004,25,3,2043
5005,26,3,2043
5006,27,3,2043
5007,28,3,2043
5008,29,3,2043
5009,30,3,2043
5010,31,3,2043
5011,32,3,2043
5012,33,3,2043
5013,34,3,2043
5014,35,3,2043
5015,36,3,2043
5016,37,3,2043
5017,38,3,2043
5018,39,3,2043
5019,40,3,2043
5020,41,3,2043
5021,42,3,2043
5022,43,3,2043
5023,44,3,2043
5024,45,3,2043
5025,46,3,2043
5026,47,3,2043
5027,48,3,2043
5028,49,3,2043
5029,50,3,2043
5030,51,3,2043
5031,52,3,2043
5032,53,3,2043
5033,54,3,2043
5034,55,3,2043
5035,56,3,2043
5036,57,3,2043
5037,58,3,2043
5038,59,3,2043
5039,60,3,2043
5040,1,1,2044
5041,2,1,2044
5042,3,1,2044
5043,4,1,2044
5044,5,1,2044
5045,6,1,2044
5046,7,1,2044
5047,8,1,2044
5048,9,1,2044
5049,10,1,2044
5050,11,1,2044
5051,12,1,2044
5052,13,1,2044
5053,14,1,2044
5054,15,1,2044
5055,16,1,2044
5056,17,1,2044
5057,18,1,2044
5058,19,1,2044
5059,20,1,2044
5060,21,1,2044
5061,22,1,2044
5062,23,1,2044
5063,24,1,2044
5064,25,1,2044
5065,26,1,2044
5066,27,1,2044
5067,28,1,2044
5068,29,1,2044
5069,30,1,2044
5070,31,1,2044
5071,32,1,2044
5072,33,1,2044
5073,34,1,2044
5074,35,1,2044
5075,36,1,2044
5076,37,1,2044
5077,38,1,2044
5078,39,1,2044
5079,40,1,2044
5080,41,1,2044
5081,42,1,2044
5082,43,1,2044
5083,44,1,2044
5084,45,1,2044
5085,46,1,2044
5086,47,1,2044
5087,48,1,2044
5088,49,1,2044
5089,50,1,2044
5090,51,1,2044
5091,52,1,2044
5092,53,1,2044
5093,54,1,2044
5094,55,1,2044
5095,56,1,2044
5096,57,1,2044
5097,58,1,2044
5098,59,1,2044
5099,60,1,2044
5100,1,2,2044
5101,2,2,2044
5102,3,2,2044
5103,4,2,2044
5104,5,2,2044
5105,6,2,2044
5106,7,2,2044
5107,8,2,2044
5108,9,2,2044
5109,10,2,2044
5110,11,2,2044
5111,12,2,2044
5112,13,2,2044
5113,14,2,2044
5114,15,2,2044
5115,16,2,2044
5116,17,2,2044
5117,18,2,2044
5118,19,2,2044
5119,20,2,2044
5120,21,2,2044
5121,22,2,2044
5122,23,2,2044
5123,24,2,2044
5124,25,2,2044
5125,26,2,2044
5126,27,2,2044
5127,28,2,2044
5128,29,2,2044
5129,30,2,2044
5130,31,2,2044
5131,32,2,2044
5132,33,2,2044
5133,34,2,2044
5134,35,2,2044
5135,36,2,2044
5136,37,2,2044
5137,38,2,2044
5138,39,2,2044
5139,40,2,2044
5140,41,2,2044
5141,42,2,2044
5142,43,2,2044
5143,44,2,2044
5144,45,2,2044
5145,46,2,2044
5146,47,2,2044
5147,48,2,2044
5148,49,2,2044
5149,50,2,2044
5150,51,2,2044
5151,52,2,2044
5152,53,2,2044
5153,54,2,2044
5154,55,2,2044
5155,56,2,2044
5156,57,2,2044
5157,58,2,2044
5158,59,2,2044
5159,60,2,2044
5160,1,3,2044
5161,2,3,2044
5162,3,3,2044
5163,4,3,2044
5164,5,3,2044
5165,6,3,2044
5166,7,3,2044
5167,8,3,2044
5168,9,3,2044
5169,10,3,2044
5170,11,3,2044
5171,12,3,2044
5172,13,3,2044
5173,14,3,2044
5174,15,3,2044
5175,16,3,2044
5176,17,3,2044
5177,18,3,2044
5178,19,3,2044
5179,20,3,2044
5180,21,3,2044
5181,22,3,2044
5182,23,3,2044
5183,24,3,2044
5184,25,3,2044
5185,26,3,2044
5186,27,3,2044
5187,28,3,2044
5188,29,3,2044
5189,30,3,2044
5190,31,3,2044
5191,32,3,2044
5192,33,3,2044
5193,34,3,2044
5194,35,3,2044
5195,36,3,2044
5196,37,3,2044
5197,38,3,2044
5198,39,3,2044
5199,40,3,2044
5200,41,3,2044
5201,42,3,2044
5202,43,3,2044
5203,44,3,2044
5204,45,3,2044
5205,46,3,2044
5206,47,3,2044
5207,48,3,2044
5208,49,3,2044
5209,50,3,2044
5210,51,3,2044
5211,52,3,2044
5212,53,3,2044
5213,54,3,2044
5214,55,3,2044
5215,56,3,2044
5216,57,3,2044
5217,58,3,2044
5218,59,3,2044
5219,60,3,2044
5220,1,1,2045
5221,2,1,2045
5222,3,1,2045
5223,4,1,2045
5224,5,1,2045
5225,6,1,2045
5226,7,1,2045
5227,8,1,2045
5228,9,1,2045
5229,10,1,2045
5230,11,1,2045
5231,12,1,2045
5232,13,1,2045
5233,14,1,2045
5234,15,1,2045
5235,16,1,2045
5236,17,1,2045
5237,18,1,2045
5238,19,1,2045
5239,20,1,2045
5240,21,1,2045
5241,22,1,2045
5242,23,1,2045
5243,24,1,2045
5244,25,1,2045
5245,26,1,2045
5246,27,1,2045
5247,28,1,2045
5248,29,1,2045
5249,30,1,2045
5250,31,1,2045
5251,32,1,2045
5252,33,1,2045
5253,34,1,2045
5254,35,1,2045
5255,36,1,2045
5256,37,1,2045
5257,38,1,2045
5258,39,1,2045
5259,40,1,2045
5260,41,1,2045
5261,42,1,2045
5262,43,1,2045
5263,44,1,2045
5264,45,1,2045
5265,46,1,2045
5266,47,1,2045
5267,48,1,2045
5268,49,1,2045
5269,50,1,2045
5270,51,1,2045
5271,52,1,2045
5272,53,1,2045
5273,54,1,2045
5274,55,1,2045
5275,56,1,2045
5276,57,1,2045
5277,58,1,2045
5278,59,1,2045
5279,60,1,2045
5280,1,2,2045
5281,2,2,2045
5282,3,2,2045
5283,4,2,2045
5284,5,2,2045
5285,6,2,2045
5286,7,2,2045
5287,8,2,2045
5288,9,2,2045
5289,10,2,2045
5290,11,2,2045
5291,12,2,2045
5292,13,2,2045
5293,14,2,2045
5294,15,2,2045
5295,16,2,2045
5296,17,2,2045
5297,18,2,2045
5298,19,2,2045
5299,20,2,2045
5300,21,2,2045
5301,22,2,2045
5302,23,2,2045
5303,24,2,2045
5304,25,2,2045
5305,26,2,2045
5306,27,2,2045
5307,28,2,2045
5308,29,2,2045
5309,30,2,2045
5310,31,2,2045
5311,32,2,2045
5312,33,2,2045
5313,34,2,2045
5314,35,2,2045
5315,36,2,2045
5316,37,2,2045
5317,38,2,2045
5318,39,2,2045
5319,40,2,2045
5320,41,2,2045
5321,42,2,2045
5322,43,2,2045
5323,44,2,2045
5324,45,2,2045
5325,46,2,2045
5326,47,2,2045
5327,48,2,2045
5328,49,2,2045
5329,50,2,2045
5330,51,2,2045
5331,52,2,2045
5332,53,2,2045
5333,54,2,2045
5334,55,2,2045
5335,56,2,2045
5336,57,2,2045
5337,58,2,2045
5338,59,2,2045
5339,60,2,2045
5340,1,3,2045
5341,2,3,2045
5342,3,3,2045
5343,4,3,2045
5344,5,3,2045
5345,6,3,2045
5346,7,3,2045
5347,8,3,2045
5348,9,3,2045
5349,10,3,2045
5350,11,3,2045
5351,12,3,2045
5352,13,3,2045
5353,14,3,2045
5354,15,3,2045
5355,16,3,2045
5356,17,3,2045
5357,18,3,2045
5358,19,3,2045
5359,20,3,2045
5360,21,3,2045
5361,22,3,2045
5362,23,3,2045
5363,24,3,2045
5364,25,3,2045
5365,26,3,2045
5366,27,3,2045
5367,28,3,2045
5368,29,3,2045
5369,30,3,2045
5370,31,3,2045
5371,32,3,2045
5372,33,3,2045
5373,34,3,2045
5374,35,3,2045
5375,36,3,2045
5376,37,3,2045
5377,38,3,2045
5378,39,3,2045
5379,40,3,2045
5380,41,3,2045
5381,42,3,2045
5382,43,3,2045
5383,44,3,2045
5384,45,3,2045
5385,46,3,2045
5386,47,3,2045
5387,48,3,2045
5388,49,3,2045
5389,50,3,2045
5390,51,3,2045
5391,52,3,2045
5392,53,3,2045
5393,54,3,2045
5394,55,3,2045
5395,56,3,2045
5396,57,3,2045
5397,58,3,2045
5398,59,3,2045
5399,60,3,2045
5400,1,1,2046
5401,2,1,2046
5402,3,1,2046
5403,4,1,2046
5404,5,1,2046
5405,6,1,2046
5406,7,1,2046
5407,8,1,2046
5408,9,1,2046
5409,10,1,2046
5410,11,1,2046
5411,12,1,2046
5412,13,1,2046
5413,14,1,2046
5414,15,1,2046
5415,16,1,2046
5416,17,1,2046
5417,18,1,2046
5418,19,1,2046
5419,20,1,2046
5420,21,1,2046
5421,22,1,2046
5422,23,1,2046
5423,24,1,2046
5424,25,1,2046
5425,26,1,2046
5426,27,1,2046
5427,28,1,2046
5428,29,1,2046
5429,30,1,2046
5430,31,1,2046
5431,32,1,2046
5432,33,1,2046
5433,34,1,2046
5434,35,1,2046
5435,36,1,2046
5436,37,1,2046
5437,38,1,2046
5438,39,1,2046
5439,40,1,2046
5440,41,1,2046
5441,42,1,2046
5442,43,1,2046
5443,44,1,2046
5444,45,1,2046
5445,46,1,2046
5446,47,1,2046
5447,48,1,2046
5448,49,1,2046
5449,50,1,2046
5450,51,1,2046
5451,52,1,2046
5452,53,1,2046
5453,54,1,2046
5454,55,1,2046
5455,56,1,2046
5456,57,1,2046
5457,58,1,2046
5458,59,1,2046
5459,60,1,2046
5460,1,2,2046
5461,2,2,2046
5462,3,2,2046
5463,4,2,2046
5464,5,2,2046
5465,6,2,2046
5466,7,2,2046
5467,8,2,2046
5468,9,2,2046
5469,10,2,2046
5470,11,2,2046
5471,12,2,2046
5472,13,2,2046
5473,14,2,2046
5474,15,2,2046
5475,16,2,2046
5476,17,2,2046
5477,18,2,2046
5478,19,2,2046
5479,20,2,2046
5480,21,2,2046
5481,22,2,2046
5482,23,2,2046
5483,24,2,2046
5484,25,2,2046
5485,26,2,2046
5486,27,2,2046
5487,28,2,2046
5488,29,2,2046
5489,30,2,2046
5490,31,2,2046
5491,32,2,2046
5492,33,2,2046
5493,34,2,2046
5494,35,2,2046
5495,36,2,2046
5496,37,2,2046
5497,38,2,2046
5498,39,2,2046
5499,40,2,2046
5500,41,2,2046
5501,42,2,2046
5502,43,2,2046
5503,44,2,2046
5504,45,2,2046
5505,46,2,2046
5506,47,2,2046
5507,48,2,2046
5508,49,2,2046
5509,50,2,2046
5510,51,2,2046
5511,52,2,2046
5512,53,2,2046
5513,54,2,2046
5514,55,2,2046
5515,56,2,2046
5516,57,2,2046
5517,58,2,2046
5518,59,2,2046
5519,60,2,2046
5520,1,3,2046
5521,2,3,2046
5522,3,3,2046
5523,4,3,2046
5524,5,3,2046
5525,6,3,2046
5526,7,3,2046
5527,8,3,2046
5528,9,3,2046
5529,10,3,2046
5530,11,3,2046
5531,12,3,2046
5532,13,3,2046
5533,14,3,2046
5534,15,3,2046
5535,16,3,2046
5536,17,3,2046
5537,18,3,2046
5538,19,3,2046
5539,20,3,2046
5540,21,3,2046
5541,22,3,2046
5542,23,3,2046
5543,24,3,2046
5544,25,3,2046
5545,26,3,2046
5546,27,3,2046
5547,28,3,2046
5548,29,3,2046
5549,30,3,2046
5550,31,3,2046
5551,32,3,2046
5552,33,3,2046
5553,34,3,2046
5554,35,3,2046
5555,36,3,2046
5556,37,3,2046
5557,38,3,2046
5558,39,3,2046
5559,40,3,2046
5560,41,3,2046
5561,42,3,2046
5562,43,3,2046
5563,44,3,2046
5564,45,3,2046
5565,46,3,2046
5566,47,3,2046
5567,48,3,2046
5568,49,3,2046
5569,50,3,2046
5570,51,3,2046
5571,52,3,2046
5572,53,3,2046
5573,54,3,2046
5574,55,3,2046
5575,56,3,2046
5576,57,3,2046
5577,58,3,2046
5578,59,3,2046
5579,60,3,2046
5580,1,1,2047
5581,2,1,2047
5582,3,1,2047
5583,4,1,2047
5584,5,1,2047
5585,6,1,2047
5586,7,1,2047
5587,8,1,2047
5588,9,1,2047
5589,10,1,2047
5590,11,1,2047
5591,12,1,2047
5592,13,1,2047
5593,14,1,2047
5594,15,1,2047
5595,16,1,2047
5596,17,1,2047
5597,18,1,2047
5598,19,1,2047
5599,20,1,2047
5600,21,1,2047
5601,22,1,2047
5602,23,1,2047
5603,24,1,2047
5604,25,1,2047
5605,26,1,2047
5606,27,1,2047
5607,28,1,2047
5608,29,1,2047
5609,30,1,2047
5610,31,1,2047
5611,32,1,2047
5612,33,1,2047
5613,34,1,2047
5614,35,1,2047
5615,36,1,2047
5616,37,1,2047
5617,38,1,2047
5618,39,1,2047
5619,40,1,2047
5620,41,1,2047
5621,42,1,2047
5622,43,1,2047
5623,44,1,2047
5624,45,1,2047
5625,46,1,2047
5626,47,1,2047
5627,48,1,2047
5628,49,1,2047
5629,50,1,2047
5630,51,1,2047
5631,52,1,2047
5632,53,1,2047
5633,54,1,2047
5634,55,1,2047
5635,56,1,2047
5636,57,1,2047
5637,58,1,2047
5638,59,1,2047
5639,60,1,2047
5640,1,2,2047
5641,2,2,2047
5642,3,2,2047
5643,4,2,2047
5644,5,2,2047
5645,6,2,2047
5646,7,2,2047
5647,8,2,2047
5648,9,2,2047
5649,10,2,2047
5650,11,2,2047
5651,12,2,2047
5652,13,2,2047
5653,14,2,2047
5654,15,2,2047
5655,16,2,2047
5656,17,2,2047
5657,18,2,2047
5658,19,2,2047
5659,20,2,2047
5660,21,2,2047
5661,22,2,2047
5662,23,2,2047
5663,24,2,2047
5664,25,2,2047
5665,26,2,2047
5666,27,2,2047
5667,28,2,2047
5668,29,2,2047
5669,30,2,2047
5670,31,2,2047
5671,32,2,2047
5672,33,2,2047
5673,34,2,2047
5674,35,2,2047
5675,36,2,2047
5676,37,2,2047
5677,38,2,2047
5678,39,2,2047
5679,40,2,2047
5680,41,2,2047
5681,42,2,2047
5682,43,2,2047
5683,44,2,2047
5684,45,2,2047
5685,46,2,2047
5686,47,2,2047
5687,48,2,2047
5688,49,2,2047
5689,50,2,2047
5690,51,2,2047
5691,52,2,2047
5692,53,2,2047
5693,54,2,2047
5694,55,2,2047
5695,56,2,2047
5696,57,2,2047
5697,58,2,2047
5698,59,2,2047
5699,60,2,2047
5700,1,3,2047
5701,2,3,2047
5702,3,3,2047
5703,4,3,2047
5704,5,3,2047
5705,6,3,2047
5706,7,3,2047
5707,8,3,2047
5708,9,3,2047
5709,10,3,2047
5710,11,3,2047
5711,12,3,2047
5712,13,3,2047
5713,14,3,2047
5714,15,3,2047
5715,16,3,2047
5716,17,3,2047
5717,18,3,2047
5718,19,3,2047
5719,20,3,2047
5720,21,3,2047
5721,22,3,2047
5722,23,3,2047
5723,24,3,2047
5724,25,3,2047
5725,26,3,2047
5726,27,3,2047
5727,28,3,2047
5728,29,3,2047
5729,30,3,2047
5730,31,3,2047
5731,32,3,2047
5732,33,3,2047
5733,34,3,2047
5734,35,3,2047
5735,36,3,2047
5736,37,3,2047
5737,38,3,2047
5738,39,3,2047
5739,40,3,2047
5740,41,3,2047
5741,42,3,2047
5742,43,3,2047
5743,44,3,2047
5744,45,3,2047
5745,46,3,2047
5746,47,3,2047
5747,48,3,2047
5748,49,3,2047
5749,50,3,2047
5750,51,3,2047
5751,52,3,2047
5752,53,3,2047
5753,54,3,2047
5754,55,3,2047
5755,56,3,2047
5756,57,3,2047
5757,58,3,2047
5758,59,3,2047
5759,60,3,2047
5760,1,1,2048
5761,2,1,2048
5762,3,1,2048
5763,4,1,2048
5764,5,1,2048
5765,6,1,2048
5766,7,1,2048
5767,8,1,2048
5768,9,1,2048
5769,10,1,2048
5770,11,1,2048
5771,12,1,2048
5772,13,1,2048
5773,14,1,2048
5774,15,1,2048
5775,16,1,2048
5776,17,1,2048
5777,18,1,2048
5778,19,1,2048
5779,20,1,2048
5780,21,1,2048
5781,22,1,2048
5782,23,1,2048
5783,24,1,2048
5784,25,1,2048
5785,26,1,2048
5786,27,1,2048
5787,28,1,2048
5788,29,1,2048
5789,30,1,2048
5790,31,1,2048
5791,32,1,2048
5792,33,1,2048
5793,34,1,2048
5794,35,1,2048
5795,36,1,2048
5796,37,1,2048
5797,38,1,2048
5798,39,1,2048
5799,40,1,2048
5800,41,1,2048
5801,42,1,2048
5802,43,1,2048
5803,44,1,2048
5804,45,1,2048
5805,46,1,2048
5806,47,1,2048
5807,48,1,2048
5808,49,1,2048
5809,50,1,2048
5810,51,1,2048
5811,52,1,2048
5812,53,1,2048
5813,54,1,2048
5814,55,1,2048
5815,56,1,2048
5816,57,1,2048
5817,58,1,2048
5818,59,1,2048
5819,60,1,2048
5820,1,2,2048
5821,2,2,2048
5822,3,2,2048
5823,4,2,2048
5824,5,2,2048
5825,6,2,2048
5826,7,2,2048
5827,8,2,2048
5828,9,2,2048
5829,10,2,2048
5830,11,2,2048
5831,12,2,2048
5832,13,2,2048
5833,14,2,2048
5834,15,2,2048
5835,16,2,2048
5836,17,2,2048
5837,18,2,2048
5838,19,2,2048
5839,20,2,2048
5840,21,2,2048
5841,22,2,2048
5842,23,2,2048
5843,24,2,2048
5844,25,2,2048
5845,26,2,2048
5846,27,2,2048
5847,28,2,2048
5848,29,2,2048
5849,30,2,2048
5850,31,2,2048
5851,32,2,2048
5852,33,2,2048
5853,34,2,2048
5854,35,2,2048
5855,36,2,2048
5856,37,2,2048
5857,38,2,2048
5858,39,2,2048
5859,40,2,2048
5860,41,2,2048
5861,42,2,2048
5862,43,2,2048
5863,44,2,2048
5864,45,2,2048
5865,46,2,2048
5866,47,2,2048
5867,48,2,2048
5868,49,2,2048
5869,50,2,2048
5870,51,2,2048
5871,52,2,2048
5872,53,2,2048
5873,54,2,2048
5874,55,2,2048
5875,56,2,2048
5876,57,2,2048
5877,58,2,2048
5878,59,2,2048
5879,60,2,2048
5880,1,3,2048
5881,2,3,2048
5882,3,3,2048
5883,4,3,2048
5884,5,3,2048
5885,6,3,2048
5886,7,3,2048
5887,8,3,2048
5888,9,3,2048
5889,10,3,2048
5890,11,3,2048
5891,12,3,2048
5892,13,3,2048
5893,14,3,2048
5894,15,3,2048
5895,16,3,2048
5896,17,3,2048
5897,18,3,2048
5898,19,3,2048
5899,20,3,2048
5900,21,3,2048
5901,22,3,2048
5902,23,3,2048
5903,24,3,2048
5904,25,3,2048
5905,26,3,2048
5906,27,3,2048
5907,28,3,2048
5908,29,3,2048
5909,30,3,2048
5910,31,3,2048
5911,32,3,2048
5912,33,3,2048
5913,34,3,2048
5914,35,3,2048
5915,36,3,2048
5916,37,3,2048
5917,38,3,2048
5918,39,3,2048
5919,40,3,2048
5920,41,3,2048
5921,42,3,2048
5922,43,3,2048
5923,44,3,2048
5924,45,3,2048
5925,46,3,2048
5926,47,3,2048
5927,48,3,2048
5928,49,3,2048
5929,50,3,2048
5930,51,3,2048
5931,52,3,2048
5932,53,3,2048
5933,54,3,2048
5934,55,3,2048
5935,56,3,2048
5936,57,3,2048
5937,58,3,2048
5938,59,3,2048
5939,60,3,2048
5940,1,1,2049
5941,2,1,2049
5942,3,1,2049
5943,4,1,2049
5944,5,1,2049
5945,6,1,2049
5946,7,1,2049
5947,8,1,2049
5948,9,1,2049
5949,10,1,2049
5950,11,1,2049
5951,12,1,2049
5952,13,1,2049
5953,14,1,2049
5954,15,1,2049
5955,16,1,2049
5956,17,1,2049
5957,18,1,2049
5958,19,1,2049
5959,20,1,2049
5960,21,1,2049
5961,22,1,2049
5962,23,1,2049
5963,24,1,2049
5964,25,1,2049
5965,26,1,2049
5966,27,1,2049
5967,28,1,2049
5968,29,1,2049
5969,30,1,2049
5970,31,1,2049
5971,32,1,2049
5972,33,1,2049
5973,34,1,2049
5974,35,1,2049
5975,36,1,2049
5976,37,1,2049
5977,38,1,2049
5978,39,1,2049
5979,40,1,2049
5980,41,1,2049
5981,42,1,2049
5982,43,1,2049
5983,44,1,2049
5984,45,1,2049
5985,46,1,2049
5986,47,1,2049
5987,48,1,2049
5988,49,1,2049
5989,50,1,2049
5990,51,1,2049
5991,52,1,2049
5992,53,1,2049
5993,54,1,2049
5994,55,1,2049
5995,56,1,2049
5996,57,1,2049
5997,58,1,2049
5998,59,1,2049
5999,60,1,2049
6000,1,2,2049
6001,2,2,2049
6002,3,2,2049
6003,4,2,2049
6004,5,2,2049
6005,6,2,2049
6006,7,2,2049
6007,8,2,2049
6008,9,2,2049
6009,10,2,2049
6010,11,2,2049
6011,12,2,2049
6012,13,2,2049
6013,14,2,2049
6014,15,2,2049
6015,16,2,2049
6016,17,2,2049
6017,18,2,2049
6018,19,2,2049
6019,20,2,2049
6020,21,2,2049
6021,22,2,2049
6022,23,2,2049
6023,24,2,2049
6024,25,2,2049
6025,26,2,2049
6026,27,2,2049
6027,28,2,2049
6028,29,2,2049
6029,30,2,2049
6030,31,2,2049
6031,32,2,2049
6032,33,2,2049
6033,34,2,2049
6034,35,2,2049
6035,36,2,2049
6036,37,2,2049
6037,38,2,2049
6038,39,2,2049
6039,40,2,2049
6040,41,2,2049
6041,42,2,2049
6042,43,2,2049
6043,44,2,2049
6044,45,2,2049
6045,46,2,2049
6046,47,2,2049
6047,48,2,2049
6048,49,2,2049
6049,50,2,2049
6050,51,2,2049
6051,52,2,2049
6052,53,2,2049
6053,54,2,2049
6054,55,2,2049
6055,56,2,2049
6056,57,2,2049
6057,58,2,2049
6058,59,2,2049
6059,60,2,2049
6060,1,3,2049
6061,2,3,2049
6062,3,3,2049
6063,4,3,2049
6064,5,3,2049
6065,6,3,2049
6066,7,3,2049
6067,8,3,2049
6068,9,3,2049
6069,10,3,2049
6070,11,3,2049
6071,12,3,2049
6072,13,3,2049
6073,14,3,2049
6074,15,3,2049
6075,16,3,2049
6076,17,3,2049
6077,18,3,2049
6078,19,3,2049
6079,20,3,2049
6080,21,3,2049
6081,22,3,2049
6082,23,3,2049
6083,24,3,2049
6084,25,3,2049
6085,26,3,2049
6086,27,3,2049
6087,28,3,2049
6088,29,3,2049
6089,30,3,2049
6090,31,3,2049
6091,32,3,2049
6092,33,3,2049
6093,34,3,2049
6094,35,3,2049
6095,36,3,2049
6096,37,3,2049
6097,38,3,2049
6098,39,3,2049
6099,40,3,2049
6100,41,3,2049
6101,42,3,2049
6102,43,3,2049
6103,44,3,2049
6104,45,3,2049
6105,46,3,2049
6106,47,3,2049
6107,48,3,2049
6108,49,3,2049
6109,50,3,2049
6110,51,3,2049
6111,52,3,2049
6112,53,3,2049
6113,54,3,2049
6114,55,3,2049
6115,56,3,2049
6116,57,3,2049
6117,58,3,2049
6118,59,3,2049
6119,60,3,2049
6120,1,1,2050
6121,2,1,2050
6122,3,1,2050
6123,4,1,2050
6124,5,1,2050
6125,6,1,2050
6126,7,1,2050
6127,8,1,2050
6128,9,1,2050
6129,10,1,2050
6130,11,1,2050
6131,12,1,2050
6132,13,1,2050
6133,14,1,2050
6134,15,1,2050
6135,16,1,2050
6136,17,1,2050
6137,18,1,2050
6138,19,1,2050
6139,20,1,2050
6140,21,1,2050
6141,22,1,2050
6142,23,1,2050
6143,24,1,2050
6144,25,1,2050
6145,26,1,2050
6146,27,1,2050
6147,28,1,2050
6148,29,1,2050
6149,30,1,2050
6150,31,1,2050
6151,32,1,2050
6152,33,1,2050
6153,34,1,2050
6154,35,1,2050
6155,36,1,2050
6156,37,1,2050
6157,38,1,2050
6158,39,1,2050
6159,40,1,2050
6160,41,1,2050
6161,42,1,2050
6162,43,1,2050
6163,44,1,2050
6164,45,1,2050
6165,46,1,2050
6166,47,1,2050
6167,48,1,2050
6168,49,1,2050
6169,50,1,2050
6170,51,1,2050
6171,52,1,2050
6172,53,1,2050
6173,54,1,2050
6174,55,1,2050
6175,56,1,2050
6176,57,1,2050
6177,58,1,2050
6178,59,1,2050
6179,60,1,2050
6180,1,2,2050
6181,2,2,2050
6182,3,2,2050
6183,4,2,2050
6184,5,2,2050
6185,6,2,2050
6186,7,2,2050
6187,8,2,2050
6188,9,2,2050
6189,10,2,2050
6190,11,2,2050
6191,12,2,2050
6192,13,2,2050
6193,14,2,2050
6194,15,2,2050
6195,16,2,2050
6196,17,2,2050
6197,18,2,2050
6198,19,2,2050
6199,20,2,2050
6200,21,2,2050
6201,22,2,2050
6202,23,2,2050
6203,24,2,2050
6204,25,2,2050
6205,26,2,2050
6206,27,2,2050
6207,28,2,2050
6208,29,2,2050
6209,30,2,2050
6210,31,2,2050
6211,32,2,2050
6212,33,2,2050
6213,34,2,2050
6214,35,2,2050
6215,36,2,2050
6216,37,2,2050
6217,38,2,2050
6218,39,2,2050
6219,40,2,2050
6220,41,2,2050
6221,42,2,2050
6222,43,2,2050
6223,44,2,2050
6224,45,2,2050
6225,46,2,2050
6226,47,2,2050
6227,48,2,2050
6228,49,2,2050
6229,50,2,2050
6230,51,2,2050
6231,52,2,2050
6232,53,2,2050
6233,54,2,2050
6234,55,2,2050
6235,56,2,2050
6236,57,2,2050
6237,58,2,2050
6238,59,2,2050
6239,60,2,2050
6240,1,3,2050
6241,2,3,2050
6242,3,3,2050
6243,4,3,2050
6244,5,3,2050
6245,6,3,2050
6246,7,3,2050
6247,8,3,2050
6248,9,3,2050
6249,10,3,2050
6250,11,3,2050
6251,12,3,2050
6252,13,3,2050
6253,14,3,2050
6254,15,3,2050
6255,16,3,2050
6256,17,3,2050
6257,18,3,2050
6258,19,3,2050
6259,20,3,2050
6260,21,3,2050
6261,22,3,2050
6262,23,3,2050
6263,24,3,2050
6264,25,3,2050
6265,26,3,2050
6266,27,3,2050
6267,28,3,2050
6268,29,3,2050
6269,30,3,2050
6270,31,3,2050
6271,32,3,2050
6272,33,3,2050
6273,34,3,2050
6274,35,3,2050
6275,36,3,2050
6276,37,3,2050
6277,38,3,2050
6278,39,3,2050
6279,40,3,2050
6280,41,3,2050
6281,42,3,2050
6282,43,3,2050
6283,44,3,2050
6284,45,3,2050
6285,46,3,2050
6286,47,3,2050
6287,48,3,2050
6288,49,3,2050
6289,50,3,2050
6290,51,3,2050
6291,52,3,2050
6292,53,3,2050
6293,54,3,2050
6294,55,3,2050
6295,56,3,2050
6296,57,3,2050
6297,58,3,2050
6298,59,3,2050
6299,60,3,2050
